[0m19:42:53.982604 [debug] [MainThread]: Sending event: {'category': 'dbt', 'action': 'invocation', 'label': 'start', 'context': [<snowplow_tracker.self_describing_json.SelfDescribingJson object at 0x108d62120>, <snowplow_tracker.self_describing_json.SelfDescribingJson object at 0x10a233750>, <snowplow_tracker.self_describing_json.SelfDescribingJson object at 0x10a233890>]}


============================== 19:42:53.985366 | a31fb45a-526a-4bea-94a5-e171dfa9f4ac ==============================
[0m19:42:53.985366 [info ] [MainThread]: Running with dbt=1.12.5
[0m19:42:53.985663 [debug] [MainThread]: running dbt with arguments {'maximum_seed_size_mib': '1', 'quiet': 'False', 'use_experimental_parser': 'False', 'profiles_dir': '/Users/varnikkatm/Desktop/weatherdata/weather-pipeline/dbt_project', 'cache_selected_only': 'False', 'target_path': 'None', 'warn_error_options': 'WarnErrorOptionsV2(error=[], warn=[], silence=[])', 'no_print': 'None', 'log_path': '/Users/varnikkatm/Desktop/weatherdata/weather-pipeline/dbt_project/logs', 'indirect_selection': 'eager', 'invocation_command': 'dbt build --project-dir /Users/varnikkatm/Desktop/weatherdata/weather-pipeline/dbt_project --profiles-dir /Users/varnikkatm/Desktop/weatherdata/weather-pipeline/dbt_project', 'warn_error': 'None', 'fail_fast': 'False', 'send_anonymous_usage_stats': 'True', 'use_colors': 'True', 'debug': 'False', 'hints_enabled': 'True', 'log_format': 'default', 'partial_parse': 'True', 'version_check': 'True', 'log_cache_events': 'False', 'write_json': 'True', 'introspect': 'True', 'printer_width': '80', 'static_parser': 'True', 'empty': 'False'}
[0m19:42:54.112707 [debug] [MainThread]: Sending event: {'category': 'dbt', 'action': 'project_id', 'label': 'a31fb45a-526a-4bea-94a5-e171dfa9f4ac', 'context': [<snowplow_tracker.self_describing_json.SelfDescribingJson object at 0x1090b1a70>]}
[0m19:42:54.182766 [debug] [MainThread]: Sending event: {'category': 'dbt', 'action': 'adapter_info', 'label': 'a31fb45a-526a-4bea-94a5-e171dfa9f4ac', 'context': [<snowplow_tracker.self_describing_json.SelfDescribingJson object at 0x10a1a5ae0>]}
[0m19:42:54.184397 [info ] [MainThread]: Registered adapter: duckdb=1.11.0
[0m19:42:54.242815 [debug] [MainThread]: checksum: ba689b7f905241906e1496b2e53804a9ae742690c0d24cd6dbdee9157065b982, vars: {}, profile: weather_pipeline, target: dev, version: 1.12.5
[0m19:42:54.243241 [info ] [MainThread]: Unable to do partial parsing because saved manifest not found. Starting full parse.
[0m19:42:54.243413 [debug] [MainThread]: Sending event: {'category': 'dbt', 'action': 'partial_parser', 'label': 'a31fb45a-526a-4bea-94a5-e171dfa9f4ac', 'context': [<snowplow_tracker.self_describing_json.SelfDescribingJson object at 0x10a331c50>]}
[0m19:42:55.079789 [debug] [MainThread]: Sending event: {'category': 'dbt', 'action': 'load_project', 'label': 'a31fb45a-526a-4bea-94a5-e171dfa9f4ac', 'context': [<snowplow_tracker.self_describing_json.SelfDescribingJson object at 0x10a7d8c80>]}
[0m19:42:55.139258 [debug] [MainThread]: Wrote artifact WritableManifest to /Users/varnikkatm/Desktop/weatherdata/weather-pipeline/dbt_project/target/manifest.json
[0m19:42:55.141100 [debug] [MainThread]: Wrote artifact SemanticManifest to /Users/varnikkatm/Desktop/weatherdata/weather-pipeline/dbt_project/target/semantic_manifest.json
[0m19:42:55.151455 [debug] [MainThread]: Wrote artifact OsiDocument to /Users/varnikkatm/Desktop/weatherdata/weather-pipeline/dbt_project/target/osi_document.json
[0m19:42:55.164343 [debug] [MainThread]: Sending event: {'category': 'dbt', 'action': 'resource_counts', 'label': 'a31fb45a-526a-4bea-94a5-e171dfa9f4ac', 'context': [<snowplow_tracker.self_describing_json.SelfDescribingJson object at 0x10aeb03d0>]}
[0m19:42:55.164576 [info ] [MainThread]: Found 3 models, 11 data tests, 2 sources, 500 macros
[0m19:42:55.165794 [info ] [MainThread]: 
[0m19:42:55.165960 [info ] [MainThread]: Concurrency: 1 threads (target='dev')
[0m19:42:55.166079 [info ] [MainThread]: 
[0m19:42:55.166313 [debug] [MainThread]: Acquiring new duckdb connection 'master'
[0m19:42:55.168468 [debug] [ThreadPool]: Acquiring new duckdb connection 'list_warehouse'
[0m19:42:55.196876 [debug] [ThreadPool]: Using duckdb connection "list_warehouse"
[0m19:42:55.197040 [debug] [ThreadPool]: On list_warehouse: /* {"app": "dbt", "dbt_version": "1.12.5", "profile_name": "weather_pipeline", "target_name": "dev", "connection_name": "list_warehouse"} */

    
    select schema_name
    from system.information_schema.schemata
    
    where lower(catalog_name) = '"warehouse"'
    
  
  
[0m19:42:55.197167 [debug] [ThreadPool]: Opening a new connection, currently in state init
[0m19:42:55.200308 [debug] [ThreadPool]: DuckDB adapter: duckdb error: IO Error: Cannot open file "/Users/varnikkatm/Desktop/weatherdata/data/warehouse.duckdb": No such file or directory
[0m19:42:55.200452 [debug] [ThreadPool]: DuckDB adapter: Error running SQL: /* {"app": "dbt", "dbt_version": "1.12.5", "profile_name": "weather_pipeline", "target_name": "dev", "connection_name": "list_warehouse"} */

    
    select schema_name
    from system.information_schema.schemata
    
    where lower(catalog_name) = '"warehouse"'
    
  
  
[0m19:42:55.200570 [debug] [ThreadPool]: DuckDB adapter: Rolling back transaction.
[0m19:42:55.200673 [debug] [ThreadPool]: Opening a new connection, currently in state init
[0m19:42:55.202613 [debug] [ThreadPool]: DuckDB adapter: duckdb error: IO Error: Cannot open file "/Users/varnikkatm/Desktop/weatherdata/data/warehouse.duckdb": No such file or directory
[0m19:42:55.202748 [debug] [ThreadPool]: DuckDB adapter: Error running SQL: macro list_schemas
[0m19:42:55.202862 [debug] [ThreadPool]: DuckDB adapter: Rolling back transaction.
[0m19:42:55.202966 [debug] [ThreadPool]: Opening a new connection, currently in state init
[0m19:42:55.205397 [debug] [ThreadPool]: Using duckdb connection "list_warehouse"
[0m19:42:55.205563 [debug] [ThreadPool]: On list_warehouse: /* {"app": "dbt", "dbt_version": "1.12.5", "profile_name": "weather_pipeline", "target_name": "dev", "connection_name": "list_warehouse"} */

    
    select schema_name
    from system.information_schema.schemata
    
    where lower(catalog_name) = '"warehouse"'
    
  
  
[0m19:42:55.205680 [debug] [ThreadPool]: Opening a new connection, currently in state init
[0m19:42:55.207559 [debug] [ThreadPool]: DuckDB adapter: duckdb error: IO Error: Cannot open file "/Users/varnikkatm/Desktop/weatherdata/data/warehouse.duckdb": No such file or directory
[0m19:42:55.207692 [debug] [ThreadPool]: DuckDB adapter: Error running SQL: /* {"app": "dbt", "dbt_version": "1.12.5", "profile_name": "weather_pipeline", "target_name": "dev", "connection_name": "list_warehouse"} */

    
    select schema_name
    from system.information_schema.schemata
    
    where lower(catalog_name) = '"warehouse"'
    
  
  
[0m19:42:55.207803 [debug] [ThreadPool]: DuckDB adapter: Rolling back transaction.
[0m19:42:55.207903 [debug] [ThreadPool]: Opening a new connection, currently in state init
[0m19:42:55.209772 [debug] [ThreadPool]: DuckDB adapter: duckdb error: IO Error: Cannot open file "/Users/varnikkatm/Desktop/weatherdata/data/warehouse.duckdb": No such file or directory
[0m19:42:55.209898 [debug] [ThreadPool]: DuckDB adapter: Error running SQL: macro list_schemas
[0m19:42:55.210004 [debug] [ThreadPool]: DuckDB adapter: Rolling back transaction.
[0m19:42:55.210102 [debug] [ThreadPool]: Opening a new connection, currently in state init
[0m19:42:55.212101 [debug] [MainThread]: Connection 'master' was properly closed.
[0m19:42:55.212239 [debug] [MainThread]: Connection 'list_warehouse' was properly closed.
[0m19:42:55.212359 [info ] [MainThread]: 
[0m19:42:55.212493 [info ] [MainThread]: Finished running  in 0 hours 0 minutes and 0.05 seconds (0.05s).
[0m19:42:55.212702 [error] [MainThread]: [[31mERROR[0m]: Encountered an error:
IO Error: Cannot open file "/Users/varnikkatm/Desktop/weatherdata/data/warehouse.duckdb": No such file or directory
[0m19:42:55.221773 [error] [MainThread]: Traceback (most recent call last):
  File "/Users/varnikkatm/Desktop/weatherdata/weather-pipeline/.venv/lib/python3.13/site-packages/dbt/adapters/duckdb/connections.py", line 110, in exception_handler
    yield
  File "/Users/varnikkatm/Desktop/weatherdata/weather-pipeline/.venv/lib/python3.13/site-packages/dbt/adapters/sql/connections.py", line 147, in add_query
    cursor = connection.handle.cursor()
             ^^^^^^^^^^^^^^^^^
  File "/Users/varnikkatm/Desktop/weatherdata/weather-pipeline/.venv/lib/python3.13/site-packages/dbt/adapters/contracts/connection.py", line 96, in handle
    self._handle.resolve(self)
    ~~~~~~~~~~~~~~~~~~~~^^^^^^
  File "/Users/varnikkatm/Desktop/weatherdata/weather-pipeline/.venv/lib/python3.13/site-packages/dbt/adapters/contracts/connection.py", line 120, in resolve
    return self.opener(connection)
           ~~~~~~~~~~~^^^^^^^^^^^^
  File "/Users/varnikkatm/Desktop/weatherdata/weather-pipeline/.venv/lib/python3.13/site-packages/dbt/adapters/duckdb/connections.py", line 68, in open
    connection.handle = cls._ENV.handle()
                        ~~~~~~~~~~~~~~~^^
  File "/Users/varnikkatm/Desktop/weatherdata/weather-pipeline/.venv/lib/python3.13/site-packages/dbt/adapters/duckdb/environments/local.py", line 79, in handle
    self.conn = self.initialize_db(self.creds, self._plugins)
                ~~~~~~~~~~~~~~~~~~^^^^^^^^^^^^^^^^^^^^^^^^^^^
  File "/Users/varnikkatm/Desktop/weatherdata/weather-pipeline/.venv/lib/python3.13/site-packages/dbt/adapters/duckdb/environments/__init__.py", line 164, in initialize_db
    conn = duckdb.connect(creds.path, read_only=False, config=config)
_duckdb.IOException: IO Error: Cannot open file "/Users/varnikkatm/Desktop/weatherdata/data/warehouse.duckdb": No such file or directory

During handling of the above exception, another exception occurred:

Traceback (most recent call last):
  File "/Users/varnikkatm/Desktop/weatherdata/weather-pipeline/.venv/lib/python3.13/site-packages/dbt/adapters/duckdb/connections.py", line 110, in exception_handler
    yield
  File "/Users/varnikkatm/Desktop/weatherdata/weather-pipeline/.venv/lib/python3.13/site-packages/dbt/adapters/base/impl.py", line 1372, in execute_macro
    result = macro_function(**kwargs)
  File "/Users/varnikkatm/Desktop/weatherdata/weather-pipeline/.venv/lib/python3.13/site-packages/dbt_common/clients/jinja.py", line 427, in __call__
    return self.call_macro(*args, **kwargs)
           ~~~~~~~~~~~~~~~^^^^^^^^^^^^^^^^^
  File "/Users/varnikkatm/Desktop/weatherdata/weather-pipeline/.venv/lib/python3.13/site-packages/dbt_common/clients/jinja.py", line 395, in call_macro
    return macro(*args, **kwargs)
  File "/Users/varnikkatm/Desktop/weatherdata/weather-pipeline/.venv/lib/python3.13/site-packages/jinja2/runtime.py", line 770, in __call__
    return self._invoke(arguments, autoescape)
           ~~~~~~~~~~~~^^^^^^^^^^^^^^^^^^^^^^^
  File "/Users/varnikkatm/Desktop/weatherdata/weather-pipeline/.venv/lib/python3.13/site-packages/jinja2/runtime.py", line 784, in _invoke
    rv = self._func(*arguments)
  File "<template>", line 20, in macro
  File "/Users/varnikkatm/Desktop/weatherdata/weather-pipeline/.venv/lib/python3.13/site-packages/jinja2/sandbox.py", line 401, in call
    return __context.call(__obj, *args, **kwargs)
           ~~~~~~~~~~~~~~^^^^^^^^^^^^^^^^^^^^^^^^
  File "/Users/varnikkatm/Desktop/weatherdata/weather-pipeline/.venv/lib/python3.13/site-packages/jinja2/runtime.py", line 303, in call
    return __obj(*args, **kwargs)
  File "/Users/varnikkatm/Desktop/weatherdata/weather-pipeline/.venv/lib/python3.13/site-packages/dbt/clients/jinja.py", line 151, in __call__
    return self.call_macro(*args, **kwargs)
           ~~~~~~~~~~~~~~~^^^^^^^^^^^^^^^^^
  File "/Users/varnikkatm/Desktop/weatherdata/weather-pipeline/.venv/lib/python3.13/site-packages/dbt_common/clients/jinja.py", line 395, in call_macro
    return macro(*args, **kwargs)
  File "/Users/varnikkatm/Desktop/weatherdata/weather-pipeline/.venv/lib/python3.13/site-packages/jinja2/runtime.py", line 770, in __call__
    return self._invoke(arguments, autoescape)
           ~~~~~~~~~~~~^^^^^^^^^^^^^^^^^^^^^^^
  File "/Users/varnikkatm/Desktop/weatherdata/weather-pipeline/.venv/lib/python3.13/site-packages/jinja2/runtime.py", line 784, in _invoke
    rv = self._func(*arguments)
  File "<template>", line 50, in macro
  File "/Users/varnikkatm/Desktop/weatherdata/weather-pipeline/.venv/lib/python3.13/site-packages/jinja2/sandbox.py", line 401, in call
    return __context.call(__obj, *args, **kwargs)
           ~~~~~~~~~~~~~~^^^^^^^^^^^^^^^^^^^^^^^^
  File "/Users/varnikkatm/Desktop/weatherdata/weather-pipeline/.venv/lib/python3.13/site-packages/jinja2/runtime.py", line 303, in call
    return __obj(*args, **kwargs)
  File "/Users/varnikkatm/Desktop/weatherdata/weather-pipeline/.venv/lib/python3.13/site-packages/dbt/clients/jinja.py", line 151, in __call__
    return self.call_macro(*args, **kwargs)
           ~~~~~~~~~~~~~~~^^^^^^^^^^^^^^^^^
  File "/Users/varnikkatm/Desktop/weatherdata/weather-pipeline/.venv/lib/python3.13/site-packages/dbt_common/clients/jinja.py", line 395, in call_macro
    return macro(*args, **kwargs)
  File "/Users/varnikkatm/Desktop/weatherdata/weather-pipeline/.venv/lib/python3.13/site-packages/jinja2/runtime.py", line 770, in __call__
    return self._invoke(arguments, autoescape)
           ~~~~~~~~~~~~^^^^^^^^^^^^^^^^^^^^^^^
  File "/Users/varnikkatm/Desktop/weatherdata/weather-pipeline/.venv/lib/python3.13/site-packages/jinja2/runtime.py", line 784, in _invoke
    rv = self._func(*arguments)
  File "<template>", line 33, in macro
  File "/Users/varnikkatm/Desktop/weatherdata/weather-pipeline/.venv/lib/python3.13/site-packages/jinja2/sandbox.py", line 401, in call
    return __context.call(__obj, *args, **kwargs)
           ~~~~~~~~~~~~~~^^^^^^^^^^^^^^^^^^^^^^^^
  File "/Users/varnikkatm/Desktop/weatherdata/weather-pipeline/.venv/lib/python3.13/site-packages/jinja2/runtime.py", line 303, in call
    return __obj(*args, **kwargs)
  File "/Users/varnikkatm/Desktop/weatherdata/weather-pipeline/.venv/lib/python3.13/site-packages/dbt/clients/jinja.py", line 151, in __call__
    return self.call_macro(*args, **kwargs)
           ~~~~~~~~~~~~~~~^^^^^^^^^^^^^^^^^
  File "/Users/varnikkatm/Desktop/weatherdata/weather-pipeline/.venv/lib/python3.13/site-packages/dbt_common/clients/jinja.py", line 395, in call_macro
    return macro(*args, **kwargs)
  File "/Users/varnikkatm/Desktop/weatherdata/weather-pipeline/.venv/lib/python3.13/site-packages/jinja2/runtime.py", line 770, in __call__
    return self._invoke(arguments, autoescape)
           ~~~~~~~~~~~~^^^^^^^^^^^^^^^^^^^^^^^
  File "/Users/varnikkatm/Desktop/weatherdata/weather-pipeline/.venv/lib/python3.13/site-packages/jinja2/runtime.py", line 784, in _invoke
    rv = self._func(*arguments)
  File "<template>", line 52, in macro
  File "/Users/varnikkatm/Desktop/weatherdata/weather-pipeline/.venv/lib/python3.13/site-packages/jinja2/sandbox.py", line 401, in call
    return __context.call(__obj, *args, **kwargs)
           ~~~~~~~~~~~~~~^^^^^^^^^^^^^^^^^^^^^^^^
  File "/Users/varnikkatm/Desktop/weatherdata/weather-pipeline/.venv/lib/python3.13/site-packages/jinja2/runtime.py", line 303, in call
    return __obj(*args, **kwargs)
  File "/Users/varnikkatm/Desktop/weatherdata/weather-pipeline/.venv/lib/python3.13/site-packages/dbt_common/record.py", line 538, in record_replay_wrapper
    return func_to_record(*call_args, **kwargs)
  File "/Users/varnikkatm/Desktop/weatherdata/weather-pipeline/.venv/lib/python3.13/site-packages/dbt/adapters/base/impl.py", line 523, in execute
    return self.connections.execute(sql=sql, auto_begin=auto_begin, fetch=fetch, limit=limit)
           ~~~~~~~~~~~~~~~~~~~~~~~~^^^^^^^^^^^^^^^^^^^^^^^^^^^^^^^^^^^^^^^^^^^^^^^^^^^^^^^^^^
  File "/Users/varnikkatm/Desktop/weatherdata/weather-pipeline/.venv/lib/python3.13/site-packages/dbt/adapters/duckdb/connections.py", line 145, in execute
    return super().execute(sql, auto_begin, fetch, limit)
           ~~~~~~~~~~~~~~~^^^^^^^^^^^^^^^^^^^^^^^^^^^^^^^
  File "/Users/varnikkatm/Desktop/weatherdata/weather-pipeline/.venv/lib/python3.13/site-packages/dbt/adapters/sql/connections.py", line 219, in execute
    _, cursor = self.add_query(sql, auto_begin)
                ~~~~~~~~~~~~~~^^^^^^^^^^^^^^^^^
  File "/Users/varnikkatm/Desktop/weatherdata/weather-pipeline/.venv/lib/python3.13/site-packages/dbt/adapters/sql/connections.py", line 131, in add_query
    with self.exception_handler(sql):
         ~~~~~~~~~~~~~~~~~~~~~~^^^^^
  File "/opt/homebrew/Cellar/python@3.13/3.13.3/Frameworks/Python.framework/Versions/3.13/lib/python3.13/contextlib.py", line 162, in __exit__
    self.gen.throw(value)
    ~~~~~~~~~~~~~~^^^^^^^
  File "/Users/varnikkatm/Desktop/weatherdata/weather-pipeline/.venv/lib/python3.13/site-packages/dbt/adapters/duckdb/connections.py", line 117, in exception_handler
    self.rollback_if_open()
    ~~~~~~~~~~~~~~~~~~~~~^^
  File "/Users/varnikkatm/Desktop/weatherdata/weather-pipeline/.venv/lib/python3.13/site-packages/dbt/adapters/base/connections.py", line 125, in rollback_if_open
    if conn is not None and conn.handle and conn.transaction_open:
                            ^^^^^^^^^^^
  File "/Users/varnikkatm/Desktop/weatherdata/weather-pipeline/.venv/lib/python3.13/site-packages/dbt/adapters/contracts/connection.py", line 96, in handle
    self._handle.resolve(self)
    ~~~~~~~~~~~~~~~~~~~~^^^^^^
  File "/Users/varnikkatm/Desktop/weatherdata/weather-pipeline/.venv/lib/python3.13/site-packages/dbt/adapters/contracts/connection.py", line 120, in resolve
    return self.opener(connection)
           ~~~~~~~~~~~^^^^^^^^^^^^
  File "/Users/varnikkatm/Desktop/weatherdata/weather-pipeline/.venv/lib/python3.13/site-packages/dbt/adapters/duckdb/connections.py", line 68, in open
    connection.handle = cls._ENV.handle()
                        ~~~~~~~~~~~~~~~^^
  File "/Users/varnikkatm/Desktop/weatherdata/weather-pipeline/.venv/lib/python3.13/site-packages/dbt/adapters/duckdb/environments/local.py", line 79, in handle
    self.conn = self.initialize_db(self.creds, self._plugins)
                ~~~~~~~~~~~~~~~~~~^^^^^^^^^^^^^^^^^^^^^^^^^^^
  File "/Users/varnikkatm/Desktop/weatherdata/weather-pipeline/.venv/lib/python3.13/site-packages/dbt/adapters/duckdb/environments/__init__.py", line 164, in initialize_db
    conn = duckdb.connect(creds.path, read_only=False, config=config)
_duckdb.IOException: IO Error: Cannot open file "/Users/varnikkatm/Desktop/weatherdata/data/warehouse.duckdb": No such file or directory

During handling of the above exception, another exception occurred:

Traceback (most recent call last):
  File "/Users/varnikkatm/Desktop/weatherdata/weather-pipeline/.venv/lib/python3.13/site-packages/dbt/cli/requires.py", line 198, in wrapper
    result, success = func(*args, **kwargs)
                      ~~~~^^^^^^^^^^^^^^^^^
  File "/Users/varnikkatm/Desktop/weatherdata/weather-pipeline/.venv/lib/python3.13/site-packages/dbt/cli/requires.py", line 144, in wrapper
    return func(*args, **kwargs)
  File "/Users/varnikkatm/Desktop/weatherdata/weather-pipeline/.venv/lib/python3.13/site-packages/dbt/cli/requires.py", line 295, in wrapper
    return func(*args, **kwargs)
  File "/Users/varnikkatm/Desktop/weatherdata/weather-pipeline/.venv/lib/python3.13/site-packages/dbt/cli/requires.py", line 340, in wrapper
    return func(*args, **kwargs)
  File "/Users/varnikkatm/Desktop/weatherdata/weather-pipeline/.venv/lib/python3.13/site-packages/dbt/cli/requires.py", line 387, in wrapper
    return func(*args, **kwargs)
  File "/Users/varnikkatm/Desktop/weatherdata/weather-pipeline/.venv/lib/python3.13/site-packages/dbt/cli/requires.py", line 404, in wrapper
    return func(*args, **kwargs)
  File "/Users/varnikkatm/Desktop/weatherdata/weather-pipeline/.venv/lib/python3.13/site-packages/dbt/cli/main.py", line 224, in build
    results = task.run()
  File "/Users/varnikkatm/Desktop/weatherdata/weather-pipeline/.venv/lib/python3.13/site-packages/dbt/task/runnable.py", line 775, in run
    result = self.execute_with_hooks(selected_uids)
  File "/Users/varnikkatm/Desktop/weatherdata/weather-pipeline/.venv/lib/python3.13/site-packages/dbt/task/runnable.py", line 701, in execute_with_hooks
    before_run_status = self.before_run(adapter, selected_uids)
  File "/Users/varnikkatm/Desktop/weatherdata/weather-pipeline/.venv/lib/python3.13/site-packages/dbt/task/build.py", line 72, in before_run
    return super().before_run(adapter, selected_uids)
           ~~~~~~~~~~~~~~~~~~^^^^^^^^^^^^^^^^^^^^^^^^
  File "/Users/varnikkatm/Desktop/weatherdata/weather-pipeline/.venv/lib/python3.13/site-packages/dbt/task/run.py", line 1313, in before_run
    self.create_schemas(adapter, required_schemas)
    ~~~~~~~~~~~~~~~~~~~^^^^^^^^^^^^^^^^^^^^^^^^^^^
  File "/Users/varnikkatm/Desktop/weatherdata/weather-pipeline/.venv/lib/python3.13/site-packages/dbt/task/runnable.py", line 883, in create_schemas
    existing_schemas_lowered.update(ls_future.result())
                                    ~~~~~~~~~~~~~~~~^^
  File "/opt/homebrew/Cellar/python@3.13/3.13.3/Frameworks/Python.framework/Versions/3.13/lib/python3.13/concurrent/futures/_base.py", line 449, in result
    return self.__get_result()
           ~~~~~~~~~~~~~~~~~^^
  File "/opt/homebrew/Cellar/python@3.13/3.13.3/Frameworks/Python.framework/Versions/3.13/lib/python3.13/concurrent/futures/_base.py", line 401, in __get_result
    raise self._exception
  File "/opt/homebrew/Cellar/python@3.13/3.13.3/Frameworks/Python.framework/Versions/3.13/lib/python3.13/concurrent/futures/thread.py", line 59, in run
    result = self.fn(*self.args, **self.kwargs)
  File "/Users/varnikkatm/Desktop/weatherdata/weather-pipeline/.venv/lib/python3.13/site-packages/dbt_common/utils/executor.py", line 20, in connected
    return func(*args, **kwargs)
  File "/Users/varnikkatm/Desktop/weatherdata/weather-pipeline/.venv/lib/python3.13/site-packages/dbt/task/runnable.py", line 858, in list_schemas
    for s in adapter.list_schemas(database_quoted)
             ~~~~~~~~~~~~~~~~~~~~^^^^^^^^^^^^^^^^^
  File "/Users/varnikkatm/Desktop/weatherdata/weather-pipeline/.venv/lib/python3.13/site-packages/dbt/adapters/sql/impl.py", line 219, in list_schemas
    results = self.execute_macro(LIST_SCHEMAS_MACRO_NAME, kwargs={"database": database})
  File "/Users/varnikkatm/Desktop/weatherdata/weather-pipeline/.venv/lib/python3.13/site-packages/dbt/adapters/base/impl.py", line 1371, in execute_macro
    with self.connections.exception_handler(f"macro {macro_name}"):
         ~~~~~~~~~~~~~~~~~~~~~~~~~~~~~~~~~~^^^^^^^^^^^^^^^^^^^^^^^
  File "/opt/homebrew/Cellar/python@3.13/3.13.3/Frameworks/Python.framework/Versions/3.13/lib/python3.13/contextlib.py", line 162, in __exit__
    self.gen.throw(value)
    ~~~~~~~~~~~~~~^^^^^^^
  File "/Users/varnikkatm/Desktop/weatherdata/weather-pipeline/.venv/lib/python3.13/site-packages/dbt/adapters/duckdb/connections.py", line 117, in exception_handler
    self.rollback_if_open()
    ~~~~~~~~~~~~~~~~~~~~~^^
  File "/Users/varnikkatm/Desktop/weatherdata/weather-pipeline/.venv/lib/python3.13/site-packages/dbt/adapters/base/connections.py", line 125, in rollback_if_open
    if conn is not None and conn.handle and conn.transaction_open:
                            ^^^^^^^^^^^
  File "/Users/varnikkatm/Desktop/weatherdata/weather-pipeline/.venv/lib/python3.13/site-packages/dbt/adapters/contracts/connection.py", line 96, in handle
    self._handle.resolve(self)
    ~~~~~~~~~~~~~~~~~~~~^^^^^^
  File "/Users/varnikkatm/Desktop/weatherdata/weather-pipeline/.venv/lib/python3.13/site-packages/dbt/adapters/contracts/connection.py", line 120, in resolve
    return self.opener(connection)
           ~~~~~~~~~~~^^^^^^^^^^^^
  File "/Users/varnikkatm/Desktop/weatherdata/weather-pipeline/.venv/lib/python3.13/site-packages/dbt/adapters/duckdb/connections.py", line 68, in open
    connection.handle = cls._ENV.handle()
                        ~~~~~~~~~~~~~~~^^
  File "/Users/varnikkatm/Desktop/weatherdata/weather-pipeline/.venv/lib/python3.13/site-packages/dbt/adapters/duckdb/environments/local.py", line 79, in handle
    self.conn = self.initialize_db(self.creds, self._plugins)
                ~~~~~~~~~~~~~~~~~~^^^^^^^^^^^^^^^^^^^^^^^^^^^
  File "/Users/varnikkatm/Desktop/weatherdata/weather-pipeline/.venv/lib/python3.13/site-packages/dbt/adapters/duckdb/environments/__init__.py", line 164, in initialize_db
    conn = duckdb.connect(creds.path, read_only=False, config=config)
_duckdb.IOException: IO Error: Cannot open file "/Users/varnikkatm/Desktop/weatherdata/data/warehouse.duckdb": No such file or directory

[0m19:42:55.223557 [debug] [MainThread]: Resource report: {"command_name": "build", "command_success": false, "command_wall_clock_time": 1.2953682, "process_in_blocks": "0", "process_kernel_time": 0.206427, "process_mem_max_rss": "175079424", "process_out_blocks": "0", "process_user_time": 1.948372}
[0m19:42:55.223788 [debug] [MainThread]: Command `dbt build` failed at 19:42:55.223737 after 1.30 seconds
[0m19:42:55.223950 [debug] [MainThread]: Sending event: {'category': 'dbt', 'action': 'invocation', 'label': 'end', 'context': [<snowplow_tracker.self_describing_json.SelfDescribingJson object at 0x10af593d0>, <snowplow_tracker.self_describing_json.SelfDescribingJson object at 0x10a222990>, <snowplow_tracker.self_describing_json.SelfDescribingJson object at 0x10b031490>]}
[0m19:42:55.224096 [debug] [MainThread]: Flushing usage events
[0m19:42:56.676626 [debug] [MainThread]: An error was encountered while trying to flush usage events
[0m19:46:54.281684 [debug] [MainThread]: Sending event: {'category': 'dbt', 'action': 'invocation', 'label': 'start', 'context': [<snowplow_tracker.self_describing_json.SelfDescribingJson object at 0x10c2d6120>, <snowplow_tracker.self_describing_json.SelfDescribingJson object at 0x10d967750>, <snowplow_tracker.self_describing_json.SelfDescribingJson object at 0x10d967890>]}


============================== 19:46:54.284444 | 15992068-a008-49db-a09d-a412e21dacaf ==============================
[0m19:46:54.284444 [info ] [MainThread]: Running with dbt=1.12.5
[0m19:46:54.284743 [debug] [MainThread]: running dbt with arguments {'write_json': 'True', 'log_path': '/Users/varnikkatm/Desktop/weatherdata/weather-pipeline/dbt_project/logs', 'use_colors': 'True', 'version_check': 'True', 'warn_error': 'None', 'quiet': 'False', 'warn_error_options': 'WarnErrorOptionsV2(error=[], warn=[], silence=[])', 'send_anonymous_usage_stats': 'True', 'indirect_selection': 'eager', 'printer_width': '80', 'partial_parse': 'True', 'maximum_seed_size_mib': '1', 'target_path': 'None', 'profiles_dir': '/Users/varnikkatm/Desktop/weatherdata/weather-pipeline/dbt_project', 'no_print': 'None', 'invocation_command': 'dbt build --project-dir /Users/varnikkatm/Desktop/weatherdata/weather-pipeline/dbt_project --profiles-dir /Users/varnikkatm/Desktop/weatherdata/weather-pipeline/dbt_project', 'static_parser': 'True', 'hints_enabled': 'True', 'cache_selected_only': 'False', 'debug': 'False', 'introspect': 'True', 'empty': 'False', 'fail_fast': 'False', 'log_format': 'default', 'use_experimental_parser': 'False', 'log_cache_events': 'False'}
[0m19:46:54.411093 [debug] [MainThread]: Sending event: {'category': 'dbt', 'action': 'project_id', 'label': '15992068-a008-49db-a09d-a412e21dacaf', 'context': [<snowplow_tracker.self_describing_json.SelfDescribingJson object at 0x10c7e5a70>]}
[0m19:46:54.479123 [debug] [MainThread]: Sending event: {'category': 'dbt', 'action': 'adapter_info', 'label': '15992068-a008-49db-a09d-a412e21dacaf', 'context': [<snowplow_tracker.self_describing_json.SelfDescribingJson object at 0x10d8d9ae0>]}
[0m19:46:54.480687 [info ] [MainThread]: Registered adapter: duckdb=1.11.0
[0m19:46:54.536949 [debug] [MainThread]: checksum: ba689b7f905241906e1496b2e53804a9ae742690c0d24cd6dbdee9157065b982, vars: {}, profile: weather_pipeline, target: dev, version: 1.12.5
[0m19:46:54.596205 [info ] [MainThread]: Unable to do partial parsing because profile has changed
[0m19:46:54.596435 [debug] [MainThread]: Sending event: {'category': 'dbt', 'action': 'partial_parser', 'label': '15992068-a008-49db-a09d-a412e21dacaf', 'context': [<snowplow_tracker.self_describing_json.SelfDescribingJson object at 0x10df32050>]}
[0m19:46:55.408696 [debug] [MainThread]: Sending event: {'category': 'dbt', 'action': 'load_project', 'label': '15992068-a008-49db-a09d-a412e21dacaf', 'context': [<snowplow_tracker.self_describing_json.SelfDescribingJson object at 0x10e033890>]}
[0m19:46:55.463835 [debug] [MainThread]: Wrote artifact WritableManifest to /Users/varnikkatm/Desktop/weatherdata/weather-pipeline/dbt_project/target/manifest.json
[0m19:46:55.465659 [debug] [MainThread]: Wrote artifact SemanticManifest to /Users/varnikkatm/Desktop/weatherdata/weather-pipeline/dbt_project/target/semantic_manifest.json
[0m19:46:55.475741 [debug] [MainThread]: Wrote artifact OsiDocument to /Users/varnikkatm/Desktop/weatherdata/weather-pipeline/dbt_project/target/osi_document.json
[0m19:46:55.488811 [debug] [MainThread]: Sending event: {'category': 'dbt', 'action': 'resource_counts', 'label': '15992068-a008-49db-a09d-a412e21dacaf', 'context': [<snowplow_tracker.self_describing_json.SelfDescribingJson object at 0x10e647070>]}
[0m19:46:55.489037 [info ] [MainThread]: Found 3 models, 11 data tests, 2 sources, 500 macros
[0m19:46:55.490253 [info ] [MainThread]: 
[0m19:46:55.490432 [info ] [MainThread]: Concurrency: 1 threads (target='dev')
[0m19:46:55.490559 [info ] [MainThread]: 
[0m19:46:55.490797 [debug] [MainThread]: Acquiring new duckdb connection 'master'
[0m19:46:55.492944 [debug] [ThreadPool]: Acquiring new duckdb connection 'list_warehouse'
[0m19:46:55.525389 [debug] [ThreadPool]: Using duckdb connection "list_warehouse"
[0m19:46:55.525557 [debug] [ThreadPool]: On list_warehouse: /* {"app": "dbt", "dbt_version": "1.12.5", "profile_name": "weather_pipeline", "target_name": "dev", "connection_name": "list_warehouse"} */

    
    select schema_name
    from system.information_schema.schemata
    
    where lower(catalog_name) = '"warehouse"'
    
  
  
[0m19:46:55.525685 [debug] [ThreadPool]: Opening a new connection, currently in state init
[0m19:46:55.532025 [debug] [ThreadPool]: SQL status: OK in 0.006 seconds
[0m19:46:55.532617 [debug] [ThreadPool]: On list_warehouse: Close
[0m19:46:55.533291 [debug] [ThreadPool]: Using duckdb connection "list_warehouse"
[0m19:46:55.533453 [debug] [ThreadPool]: On list_warehouse: /* {"app": "dbt", "dbt_version": "1.12.5", "profile_name": "weather_pipeline", "target_name": "dev", "connection_name": "list_warehouse"} */

    
    select schema_name
    from system.information_schema.schemata
    
    where lower(catalog_name) = '"warehouse"'
    
  
  
[0m19:46:55.533598 [debug] [ThreadPool]: Opening a new connection, currently in state closed
[0m19:46:55.533963 [debug] [ThreadPool]: SQL status: OK in 0.000 seconds
[0m19:46:55.534453 [debug] [ThreadPool]: On list_warehouse: Close
[0m19:46:55.534731 [debug] [ThreadPool]: Re-using an available connection from the pool (formerly list_warehouse, now create_warehouse_main_staging)
[0m19:46:55.534912 [debug] [ThreadPool]: Creating schema "database: "warehouse"
schema: "main_staging"
"
[0m19:46:55.537989 [debug] [ThreadPool]: Using duckdb connection "create_warehouse_main_staging"
[0m19:46:55.538129 [debug] [ThreadPool]: On create_warehouse_main_staging: /* {"app": "dbt", "dbt_version": "1.12.5", "profile_name": "weather_pipeline", "target_name": "dev", "connection_name": "create_warehouse_main_staging"} */

    
        select type from duckdb_databases()
        where lower(database_name)='warehouse'
        and type != 'duckdb'
    
  
[0m19:46:55.538245 [debug] [ThreadPool]: Opening a new connection, currently in state closed
[0m19:46:55.538604 [debug] [ThreadPool]: SQL status: OK in 0.000 seconds
[0m19:46:55.539215 [debug] [ThreadPool]: Using duckdb connection "create_warehouse_main_staging"
[0m19:46:55.539371 [debug] [ThreadPool]: On create_warehouse_main_staging: BEGIN
[0m19:46:55.539582 [debug] [ThreadPool]: SQL status: OK in 0.000 seconds
[0m19:46:55.539704 [debug] [ThreadPool]: Using duckdb connection "create_warehouse_main_staging"
[0m19:46:55.539817 [debug] [ThreadPool]: On create_warehouse_main_staging: /* {"app": "dbt", "dbt_version": "1.12.5", "profile_name": "weather_pipeline", "target_name": "dev", "connection_name": "create_warehouse_main_staging"} */

    
    
        create schema if not exists "warehouse"."main_staging"
    
[0m19:46:55.540027 [debug] [ThreadPool]: SQL status: OK in 0.000 seconds
[0m19:46:55.540435 [debug] [ThreadPool]: On create_warehouse_main_staging: COMMIT
[0m19:46:55.540563 [debug] [ThreadPool]: Using duckdb connection "create_warehouse_main_staging"
[0m19:46:55.540669 [debug] [ThreadPool]: On create_warehouse_main_staging: COMMIT
[0m19:46:55.541029 [debug] [ThreadPool]: SQL status: OK in 0.000 seconds
[0m19:46:55.541156 [debug] [ThreadPool]: On create_warehouse_main_staging: Close
[0m19:46:55.541400 [debug] [ThreadPool]: Re-using an available connection from the pool (formerly create_warehouse_main_staging, now create_warehouse_main_marts)
[0m19:46:55.541608 [debug] [ThreadPool]: Creating schema "database: "warehouse"
schema: "main_marts"
"
[0m19:46:55.542099 [debug] [ThreadPool]: Using duckdb connection "create_warehouse_main_marts"
[0m19:46:55.542223 [debug] [ThreadPool]: On create_warehouse_main_marts: /* {"app": "dbt", "dbt_version": "1.12.5", "profile_name": "weather_pipeline", "target_name": "dev", "connection_name": "create_warehouse_main_marts"} */

    
        select type from duckdb_databases()
        where lower(database_name)='warehouse'
        and type != 'duckdb'
    
  
[0m19:46:55.542341 [debug] [ThreadPool]: Opening a new connection, currently in state closed
[0m19:46:55.542628 [debug] [ThreadPool]: SQL status: OK in 0.000 seconds
[0m19:46:55.543116 [debug] [ThreadPool]: Using duckdb connection "create_warehouse_main_marts"
[0m19:46:55.543227 [debug] [ThreadPool]: On create_warehouse_main_marts: BEGIN
[0m19:46:55.543393 [debug] [ThreadPool]: SQL status: OK in 0.000 seconds
[0m19:46:55.543512 [debug] [ThreadPool]: Using duckdb connection "create_warehouse_main_marts"
[0m19:46:55.543618 [debug] [ThreadPool]: On create_warehouse_main_marts: /* {"app": "dbt", "dbt_version": "1.12.5", "profile_name": "weather_pipeline", "target_name": "dev", "connection_name": "create_warehouse_main_marts"} */

    
    
        create schema if not exists "warehouse"."main_marts"
    
[0m19:46:55.543806 [debug] [ThreadPool]: SQL status: OK in 0.000 seconds
[0m19:46:55.544159 [debug] [ThreadPool]: On create_warehouse_main_marts: COMMIT
[0m19:46:55.544512 [debug] [ThreadPool]: Using duckdb connection "create_warehouse_main_marts"
[0m19:46:55.544617 [debug] [ThreadPool]: On create_warehouse_main_marts: COMMIT
[0m19:46:55.544818 [debug] [ThreadPool]: SQL status: OK in 0.000 seconds
[0m19:46:55.544928 [debug] [ThreadPool]: On create_warehouse_main_marts: Close
[0m19:46:55.545474 [debug] [ThreadPool]: Re-using an available connection from the pool (formerly create_warehouse_main_marts, now list_warehouse_main_staging)
[0m19:46:55.547601 [debug] [ThreadPool]: Using duckdb connection "list_warehouse_main_staging"
[0m19:46:55.547747 [debug] [ThreadPool]: On list_warehouse_main_staging: BEGIN
[0m19:46:55.547859 [debug] [ThreadPool]: Opening a new connection, currently in state closed
[0m19:46:55.548051 [debug] [ThreadPool]: SQL status: OK in 0.000 seconds
[0m19:46:55.548168 [debug] [ThreadPool]: Using duckdb connection "list_warehouse_main_staging"
[0m19:46:55.548289 [debug] [ThreadPool]: On list_warehouse_main_staging: /* {"app": "dbt", "dbt_version": "1.12.5", "profile_name": "weather_pipeline", "target_name": "dev", "connection_name": "list_warehouse_main_staging"} */
select
      'warehouse' as database,
      table_name as name,
      table_schema as schema,
      CASE table_type
        WHEN 'BASE TABLE' THEN 'table'
        WHEN 'VIEW' THEN 'view'
        WHEN 'LOCAL TEMPORARY' THEN 'table'
        END as type
    from system.information_schema.tables
    where lower(table_schema) = 'main_staging'
    and lower(table_catalog) = 'warehouse'
  
[0m19:46:55.549754 [debug] [ThreadPool]: SQL status: OK in 0.001 seconds
[0m19:46:55.550288 [debug] [ThreadPool]: On list_warehouse_main_staging: ROLLBACK
[0m19:46:55.550463 [debug] [ThreadPool]: On list_warehouse_main_staging: Close
[0m19:46:55.550677 [debug] [ThreadPool]: Re-using an available connection from the pool (formerly list_warehouse_main_staging, now list_warehouse_main_marts)
[0m19:46:55.552755 [debug] [ThreadPool]: Using duckdb connection "list_warehouse_main_marts"
[0m19:46:55.552884 [debug] [ThreadPool]: On list_warehouse_main_marts: BEGIN
[0m19:46:55.552990 [debug] [ThreadPool]: Opening a new connection, currently in state closed
[0m19:46:55.553181 [debug] [ThreadPool]: SQL status: OK in 0.000 seconds
[0m19:46:55.553297 [debug] [ThreadPool]: Using duckdb connection "list_warehouse_main_marts"
[0m19:46:55.553416 [debug] [ThreadPool]: On list_warehouse_main_marts: /* {"app": "dbt", "dbt_version": "1.12.5", "profile_name": "weather_pipeline", "target_name": "dev", "connection_name": "list_warehouse_main_marts"} */
select
      'warehouse' as database,
      table_name as name,
      table_schema as schema,
      CASE table_type
        WHEN 'BASE TABLE' THEN 'table'
        WHEN 'VIEW' THEN 'view'
        WHEN 'LOCAL TEMPORARY' THEN 'table'
        END as type
    from system.information_schema.tables
    where lower(table_schema) = 'main_marts'
    and lower(table_catalog) = 'warehouse'
  
[0m19:46:55.554083 [debug] [ThreadPool]: SQL status: OK in 0.001 seconds
[0m19:46:55.554615 [debug] [ThreadPool]: On list_warehouse_main_marts: ROLLBACK
[0m19:46:55.554792 [debug] [ThreadPool]: On list_warehouse_main_marts: Close
[0m19:46:55.555036 [debug] [MainThread]: Sending event: {'category': 'dbt', 'action': 'runnable_timing', 'label': '15992068-a008-49db-a09d-a412e21dacaf', 'context': [<snowplow_tracker.self_describing_json.SelfDescribingJson object at 0x10eacd090>]}
[0m19:46:55.555251 [debug] [MainThread]: Using duckdb connection "master"
[0m19:46:55.555368 [debug] [MainThread]: On master: BEGIN
[0m19:46:55.555469 [debug] [MainThread]: Opening a new connection, currently in state init
[0m19:46:55.555652 [debug] [MainThread]: SQL status: OK in 0.000 seconds
[0m19:46:55.555764 [debug] [MainThread]: On master: COMMIT
[0m19:46:55.555873 [debug] [MainThread]: Using duckdb connection "master"
[0m19:46:55.555974 [debug] [MainThread]: On master: COMMIT
[0m19:46:55.556124 [debug] [MainThread]: SQL status: OK in 0.000 seconds
[0m19:46:55.556236 [debug] [MainThread]: On master: Close
[0m19:46:55.557582 [debug] [Thread-1 (]: Began running node model.weather_pipeline.stg_air_quality
[0m19:46:55.557800 [info ] [Thread-1 (]: 1 of 14 START sql view model main_staging.stg_air_quality ...................... [RUN]
[0m19:46:55.557981 [debug] [Thread-1 (]: Re-using an available connection from the pool (formerly list_warehouse_main_marts, now model.weather_pipeline.stg_air_quality)
[0m19:46:55.558125 [debug] [Thread-1 (]: Began compiling node model.weather_pipeline.stg_air_quality
[0m19:46:55.560847 [debug] [Thread-1 (]: Writing injected SQL for node "model.weather_pipeline.stg_air_quality"
[0m19:46:55.561370 [debug] [Thread-1 (]: Began executing node model.weather_pipeline.stg_air_quality
[0m19:46:55.574185 [debug] [Thread-1 (]: Writing runtime sql for node "model.weather_pipeline.stg_air_quality"
[0m19:46:55.574684 [debug] [Thread-1 (]: Using duckdb connection "model.weather_pipeline.stg_air_quality"
[0m19:46:55.574843 [debug] [Thread-1 (]: On model.weather_pipeline.stg_air_quality: BEGIN
[0m19:46:55.574977 [debug] [Thread-1 (]: Opening a new connection, currently in state closed
[0m19:46:55.575195 [debug] [Thread-1 (]: SQL status: OK in 0.000 seconds
[0m19:46:55.575337 [debug] [Thread-1 (]: Using duckdb connection "model.weather_pipeline.stg_air_quality"
[0m19:46:55.575476 [debug] [Thread-1 (]: On model.weather_pipeline.stg_air_quality: /* {"app": "dbt", "dbt_version": "1.12.5", "profile_name": "weather_pipeline", "target_name": "dev", "node_id": "model.weather_pipeline.stg_air_quality"} */

  
  create view "warehouse"."main_staging"."stg_air_quality__dbt_tmp" as (
    select
    city,
    ts,
    pm10   as pm10_ugm3,
    pm2_5  as pm25_ugm3,
    us_aqi as aqi
from "warehouse"."main"."raw_air_quality"
where us_aqi is not null or pm2_5 is not null
  );

[0m19:46:55.575777 [debug] [Thread-1 (]: SQL status: OK in 0.000 seconds
[0m19:46:55.578290 [debug] [Thread-1 (]: Using duckdb connection "model.weather_pipeline.stg_air_quality"
[0m19:46:55.578448 [debug] [Thread-1 (]: On model.weather_pipeline.stg_air_quality: /* {"app": "dbt", "dbt_version": "1.12.5", "profile_name": "weather_pipeline", "target_name": "dev", "node_id": "model.weather_pipeline.stg_air_quality"} */
alter view "warehouse"."main_staging"."stg_air_quality__dbt_tmp" rename to "stg_air_quality"
[0m19:46:55.578721 [debug] [Thread-1 (]: SQL status: OK in 0.000 seconds
[0m19:46:55.583941 [debug] [Thread-1 (]: On model.weather_pipeline.stg_air_quality: COMMIT
[0m19:46:55.584102 [debug] [Thread-1 (]: Using duckdb connection "model.weather_pipeline.stg_air_quality"
[0m19:46:55.584234 [debug] [Thread-1 (]: On model.weather_pipeline.stg_air_quality: COMMIT
[0m19:46:55.584560 [debug] [Thread-1 (]: SQL status: OK in 0.000 seconds
[0m19:46:55.586579 [debug] [Thread-1 (]: Using duckdb connection "model.weather_pipeline.stg_air_quality"
[0m19:46:55.586742 [debug] [Thread-1 (]: On model.weather_pipeline.stg_air_quality: /* {"app": "dbt", "dbt_version": "1.12.5", "profile_name": "weather_pipeline", "target_name": "dev", "node_id": "model.weather_pipeline.stg_air_quality"} */

      drop view if exists "warehouse"."main_staging"."stg_air_quality__dbt_backup" cascade
    
[0m19:46:55.586962 [debug] [Thread-1 (]: SQL status: OK in 0.000 seconds
[0m19:46:55.588030 [debug] [Thread-1 (]: On model.weather_pipeline.stg_air_quality: Close
[0m19:46:55.588860 [debug] [Thread-1 (]: Sending event: {'category': 'dbt', 'action': 'run_model', 'label': '15992068-a008-49db-a09d-a412e21dacaf', 'context': [<snowplow_tracker.self_describing_json.SelfDescribingJson object at 0x10e73cf50>]}
[0m19:46:55.589144 [info ] [Thread-1 (]: 1 of 14 OK created sql view model main_staging.stg_air_quality ................. [[32mOK[0m in 0.03s]
[0m19:46:55.589396 [debug] [Thread-1 (]: Finished running node model.weather_pipeline.stg_air_quality
[0m19:46:55.589567 [debug] [Thread-1 (]: Began running node model.weather_pipeline.stg_weather
[0m19:46:55.589787 [info ] [Thread-1 (]: 2 of 14 START sql view model main_staging.stg_weather .......................... [RUN]
[0m19:46:55.590010 [debug] [Thread-1 (]: Re-using an available connection from the pool (formerly model.weather_pipeline.stg_air_quality, now model.weather_pipeline.stg_weather)
[0m19:46:55.590160 [debug] [Thread-1 (]: Began compiling node model.weather_pipeline.stg_weather
[0m19:46:55.590920 [debug] [Thread-1 (]: Writing injected SQL for node "model.weather_pipeline.stg_weather"
[0m19:46:55.591201 [debug] [Thread-1 (]: Began executing node model.weather_pipeline.stg_weather
[0m19:46:55.592312 [debug] [Thread-1 (]: Writing runtime sql for node "model.weather_pipeline.stg_weather"
[0m19:46:55.592575 [debug] [Thread-1 (]: Using duckdb connection "model.weather_pipeline.stg_weather"
[0m19:46:55.592713 [debug] [Thread-1 (]: On model.weather_pipeline.stg_weather: BEGIN
[0m19:46:55.592838 [debug] [Thread-1 (]: Opening a new connection, currently in state closed
[0m19:46:55.593034 [debug] [Thread-1 (]: SQL status: OK in 0.000 seconds
[0m19:46:55.593168 [debug] [Thread-1 (]: Using duckdb connection "model.weather_pipeline.stg_weather"
[0m19:46:55.593303 [debug] [Thread-1 (]: On model.weather_pipeline.stg_weather: /* {"app": "dbt", "dbt_version": "1.12.5", "profile_name": "weather_pipeline", "target_name": "dev", "node_id": "model.weather_pipeline.stg_weather"} */

  
  create view "warehouse"."main_staging"."stg_weather__dbt_tmp" as (
    select
    city,
    ts,
    temperature_2m      as temperature_c,
    relative_humidity_2m as humidity_pct,
    precipitation       as precipitation_mm,
    wind_speed_10m      as wind_kmh
from "warehouse"."main"."raw_weather"
where temperature_2m is not null
  );

[0m19:46:55.593552 [debug] [Thread-1 (]: SQL status: OK in 0.000 seconds
[0m19:46:55.594599 [debug] [Thread-1 (]: Using duckdb connection "model.weather_pipeline.stg_weather"
[0m19:46:55.594747 [debug] [Thread-1 (]: On model.weather_pipeline.stg_weather: /* {"app": "dbt", "dbt_version": "1.12.5", "profile_name": "weather_pipeline", "target_name": "dev", "node_id": "model.weather_pipeline.stg_weather"} */
alter view "warehouse"."main_staging"."stg_weather__dbt_tmp" rename to "stg_weather"
[0m19:46:55.594962 [debug] [Thread-1 (]: SQL status: OK in 0.000 seconds
[0m19:46:55.595583 [debug] [Thread-1 (]: On model.weather_pipeline.stg_weather: COMMIT
[0m19:46:55.595721 [debug] [Thread-1 (]: Using duckdb connection "model.weather_pipeline.stg_weather"
[0m19:46:55.595853 [debug] [Thread-1 (]: On model.weather_pipeline.stg_weather: COMMIT
[0m19:46:55.596088 [debug] [Thread-1 (]: SQL status: OK in 0.000 seconds
[0m19:46:55.596670 [debug] [Thread-1 (]: Using duckdb connection "model.weather_pipeline.stg_weather"
[0m19:46:55.596803 [debug] [Thread-1 (]: On model.weather_pipeline.stg_weather: /* {"app": "dbt", "dbt_version": "1.12.5", "profile_name": "weather_pipeline", "target_name": "dev", "node_id": "model.weather_pipeline.stg_weather"} */

      drop view if exists "warehouse"."main_staging"."stg_weather__dbt_backup" cascade
    
[0m19:46:55.597000 [debug] [Thread-1 (]: SQL status: OK in 0.000 seconds
[0m19:46:55.597515 [debug] [Thread-1 (]: On model.weather_pipeline.stg_weather: Close
[0m19:46:55.597722 [debug] [Thread-1 (]: Sending event: {'category': 'dbt', 'action': 'run_model', 'label': '15992068-a008-49db-a09d-a412e21dacaf', 'context': [<snowplow_tracker.self_describing_json.SelfDescribingJson object at 0x10e71e150>]}
[0m19:46:55.597971 [info ] [Thread-1 (]: 2 of 14 OK created sql view model main_staging.stg_weather ..................... [[32mOK[0m in 0.01s]
[0m19:46:55.598196 [debug] [Thread-1 (]: Finished running node model.weather_pipeline.stg_weather
[0m19:46:55.598350 [debug] [Thread-1 (]: Began running node test.weather_pipeline.not_null_stg_air_quality_city.2c545f7064
[0m19:46:55.598522 [info ] [Thread-1 (]: 3 of 14 START test not_null_stg_air_quality_city ............................... [RUN]
[0m19:46:55.598735 [debug] [Thread-1 (]: Re-using an available connection from the pool (formerly model.weather_pipeline.stg_weather, now test.weather_pipeline.not_null_stg_air_quality_city.2c545f7064)
[0m19:46:55.598879 [debug] [Thread-1 (]: Began compiling node test.weather_pipeline.not_null_stg_air_quality_city.2c545f7064
[0m19:46:55.604981 [debug] [Thread-1 (]: Writing injected SQL for node "test.weather_pipeline.not_null_stg_air_quality_city.2c545f7064"
[0m19:46:55.605356 [debug] [Thread-1 (]: Began executing node test.weather_pipeline.not_null_stg_air_quality_city.2c545f7064
[0m19:46:55.612953 [debug] [Thread-1 (]: Writing runtime sql for node "test.weather_pipeline.not_null_stg_air_quality_city.2c545f7064"
[0m19:46:55.613423 [debug] [Thread-1 (]: Using duckdb connection "test.weather_pipeline.not_null_stg_air_quality_city.2c545f7064"
[0m19:46:55.613581 [debug] [Thread-1 (]: On test.weather_pipeline.not_null_stg_air_quality_city.2c545f7064: BEGIN
[0m19:46:55.613873 [debug] [Thread-1 (]: Opening a new connection, currently in state closed
[0m19:46:55.614128 [debug] [Thread-1 (]: SQL status: OK in 0.000 seconds
[0m19:46:55.614319 [debug] [Thread-1 (]: Using duckdb connection "test.weather_pipeline.not_null_stg_air_quality_city.2c545f7064"
[0m19:46:55.614481 [debug] [Thread-1 (]: On test.weather_pipeline.not_null_stg_air_quality_city.2c545f7064: /* {"app": "dbt", "dbt_version": "1.12.5", "profile_name": "weather_pipeline", "target_name": "dev", "node_id": "test.weather_pipeline.not_null_stg_air_quality_city.2c545f7064"} */

    
    select
      count(*) as failures,
      count(*) != 0 as should_warn,
      count(*) != 0 as should_error
    from (
      
    
  
    
    



select city
from "warehouse"."main_staging"."stg_air_quality"
where city is null



  
  
      
    ) dbt_internal_test
[0m19:46:55.614975 [debug] [Thread-1 (]: SQL status: OK in 0.000 seconds
[0m19:46:55.616585 [debug] [Thread-1 (]: On test.weather_pipeline.not_null_stg_air_quality_city.2c545f7064: ROLLBACK
[0m19:46:55.616838 [debug] [Thread-1 (]: On test.weather_pipeline.not_null_stg_air_quality_city.2c545f7064: Close
[0m19:46:55.617102 [info ] [Thread-1 (]: 3 of 14 PASS not_null_stg_air_quality_city ..................................... [[32mPASS[0m in 0.02s]
[0m19:46:55.617326 [debug] [Thread-1 (]: Finished running node test.weather_pipeline.not_null_stg_air_quality_city.2c545f7064
[0m19:46:55.617486 [debug] [Thread-1 (]: Began running node test.weather_pipeline.not_null_stg_air_quality_ts.6e96156eb6
[0m19:46:55.617657 [info ] [Thread-1 (]: 4 of 14 START test not_null_stg_air_quality_ts ................................. [RUN]
[0m19:46:55.617845 [debug] [Thread-1 (]: Re-using an available connection from the pool (formerly test.weather_pipeline.not_null_stg_air_quality_city.2c545f7064, now test.weather_pipeline.not_null_stg_air_quality_ts.6e96156eb6)
[0m19:46:55.618097 [debug] [Thread-1 (]: Began compiling node test.weather_pipeline.not_null_stg_air_quality_ts.6e96156eb6
[0m19:46:55.621105 [debug] [Thread-1 (]: Writing injected SQL for node "test.weather_pipeline.not_null_stg_air_quality_ts.6e96156eb6"
[0m19:46:55.621562 [debug] [Thread-1 (]: Began executing node test.weather_pipeline.not_null_stg_air_quality_ts.6e96156eb6
[0m19:46:55.622274 [debug] [Thread-1 (]: Writing runtime sql for node "test.weather_pipeline.not_null_stg_air_quality_ts.6e96156eb6"
[0m19:46:55.622574 [debug] [Thread-1 (]: Using duckdb connection "test.weather_pipeline.not_null_stg_air_quality_ts.6e96156eb6"
[0m19:46:55.622716 [debug] [Thread-1 (]: On test.weather_pipeline.not_null_stg_air_quality_ts.6e96156eb6: BEGIN
[0m19:46:55.622843 [debug] [Thread-1 (]: Opening a new connection, currently in state closed
[0m19:46:55.623043 [debug] [Thread-1 (]: SQL status: OK in 0.000 seconds
[0m19:46:55.623179 [debug] [Thread-1 (]: Using duckdb connection "test.weather_pipeline.not_null_stg_air_quality_ts.6e96156eb6"
[0m19:46:55.623320 [debug] [Thread-1 (]: On test.weather_pipeline.not_null_stg_air_quality_ts.6e96156eb6: /* {"app": "dbt", "dbt_version": "1.12.5", "profile_name": "weather_pipeline", "target_name": "dev", "node_id": "test.weather_pipeline.not_null_stg_air_quality_ts.6e96156eb6"} */

    
    select
      count(*) as failures,
      count(*) != 0 as should_warn,
      count(*) != 0 as should_error
    from (
      
    
  
    
    



select ts
from "warehouse"."main_staging"."stg_air_quality"
where ts is null



  
  
      
    ) dbt_internal_test
[0m19:46:55.623693 [debug] [Thread-1 (]: SQL status: OK in 0.000 seconds
[0m19:46:55.624322 [debug] [Thread-1 (]: On test.weather_pipeline.not_null_stg_air_quality_ts.6e96156eb6: ROLLBACK
[0m19:46:55.624522 [debug] [Thread-1 (]: On test.weather_pipeline.not_null_stg_air_quality_ts.6e96156eb6: Close
[0m19:46:55.624758 [info ] [Thread-1 (]: 4 of 14 PASS not_null_stg_air_quality_ts ....................................... [[32mPASS[0m in 0.01s]
[0m19:46:55.624981 [debug] [Thread-1 (]: Finished running node test.weather_pipeline.not_null_stg_air_quality_ts.6e96156eb6
[0m19:46:55.625145 [debug] [Thread-1 (]: Began running node test.weather_pipeline.assert_humidity_in_range
[0m19:46:55.625301 [info ] [Thread-1 (]: 5 of 14 START test assert_humidity_in_range .................................... [RUN]
[0m19:46:55.625463 [debug] [Thread-1 (]: Re-using an available connection from the pool (formerly test.weather_pipeline.not_null_stg_air_quality_ts.6e96156eb6, now test.weather_pipeline.assert_humidity_in_range)
[0m19:46:55.625604 [debug] [Thread-1 (]: Began compiling node test.weather_pipeline.assert_humidity_in_range
[0m19:46:55.626292 [debug] [Thread-1 (]: Writing injected SQL for node "test.weather_pipeline.assert_humidity_in_range"
[0m19:46:55.626620 [debug] [Thread-1 (]: Began executing node test.weather_pipeline.assert_humidity_in_range
[0m19:46:55.627282 [debug] [Thread-1 (]: Writing runtime sql for node "test.weather_pipeline.assert_humidity_in_range"
[0m19:46:55.627589 [debug] [Thread-1 (]: Using duckdb connection "test.weather_pipeline.assert_humidity_in_range"
[0m19:46:55.627731 [debug] [Thread-1 (]: On test.weather_pipeline.assert_humidity_in_range: BEGIN
[0m19:46:55.627858 [debug] [Thread-1 (]: Opening a new connection, currently in state closed
[0m19:46:55.628075 [debug] [Thread-1 (]: SQL status: OK in 0.000 seconds
[0m19:46:55.628231 [debug] [Thread-1 (]: Using duckdb connection "test.weather_pipeline.assert_humidity_in_range"
[0m19:46:55.628376 [debug] [Thread-1 (]: On test.weather_pipeline.assert_humidity_in_range: /* {"app": "dbt", "dbt_version": "1.12.5", "profile_name": "weather_pipeline", "target_name": "dev", "node_id": "test.weather_pipeline.assert_humidity_in_range"} */

    
    select
      count(*) as failures,
      count(*) != 0 as should_warn,
      count(*) != 0 as should_error
    from (
      
    
  -- Fails for any row with humidity outside 0-100 %.
select *
from "warehouse"."main_staging"."stg_weather"
where humidity_pct < 0 or humidity_pct > 100
  
  
      
    ) dbt_internal_test
[0m19:46:55.628776 [debug] [Thread-1 (]: SQL status: OK in 0.000 seconds
[0m19:46:55.629364 [debug] [Thread-1 (]: On test.weather_pipeline.assert_humidity_in_range: ROLLBACK
[0m19:46:55.629560 [debug] [Thread-1 (]: On test.weather_pipeline.assert_humidity_in_range: Close
[0m19:46:55.629792 [info ] [Thread-1 (]: 5 of 14 PASS assert_humidity_in_range .......................................... [[32mPASS[0m in 0.00s]
[0m19:46:55.630007 [debug] [Thread-1 (]: Finished running node test.weather_pipeline.assert_humidity_in_range
[0m19:46:55.630160 [debug] [Thread-1 (]: Began running node test.weather_pipeline.assert_stg_weather_unique_city_ts
[0m19:46:55.630312 [info ] [Thread-1 (]: 6 of 14 START test assert_stg_weather_unique_city_ts ........................... [RUN]
[0m19:46:55.630475 [debug] [Thread-1 (]: Re-using an available connection from the pool (formerly test.weather_pipeline.assert_humidity_in_range, now test.weather_pipeline.assert_stg_weather_unique_city_ts)
[0m19:46:55.630611 [debug] [Thread-1 (]: Began compiling node test.weather_pipeline.assert_stg_weather_unique_city_ts
[0m19:46:55.631260 [debug] [Thread-1 (]: Writing injected SQL for node "test.weather_pipeline.assert_stg_weather_unique_city_ts"
[0m19:46:55.631526 [debug] [Thread-1 (]: Began executing node test.weather_pipeline.assert_stg_weather_unique_city_ts
[0m19:46:55.632178 [debug] [Thread-1 (]: Writing runtime sql for node "test.weather_pipeline.assert_stg_weather_unique_city_ts"
[0m19:46:55.632455 [debug] [Thread-1 (]: Using duckdb connection "test.weather_pipeline.assert_stg_weather_unique_city_ts"
[0m19:46:55.632592 [debug] [Thread-1 (]: On test.weather_pipeline.assert_stg_weather_unique_city_ts: BEGIN
[0m19:46:55.632717 [debug] [Thread-1 (]: Opening a new connection, currently in state closed
[0m19:46:55.632911 [debug] [Thread-1 (]: SQL status: OK in 0.000 seconds
[0m19:46:55.633046 [debug] [Thread-1 (]: Using duckdb connection "test.weather_pipeline.assert_stg_weather_unique_city_ts"
[0m19:46:55.633188 [debug] [Thread-1 (]: On test.weather_pipeline.assert_stg_weather_unique_city_ts: /* {"app": "dbt", "dbt_version": "1.12.5", "profile_name": "weather_pipeline", "target_name": "dev", "node_id": "test.weather_pipeline.assert_stg_weather_unique_city_ts"} */

    
    select
      count(*) as failures,
      count(*) != 0 as should_warn,
      count(*) != 0 as should_error
    from (
      
    
  -- Fails if any (city, ts) appears more than once.
select city, ts, count(*) as n
from "warehouse"."main_staging"."stg_weather"
group by city, ts
having count(*) > 1
  
  
      
    ) dbt_internal_test
[0m19:46:55.634240 [debug] [Thread-1 (]: SQL status: OK in 0.001 seconds
[0m19:46:55.634839 [debug] [Thread-1 (]: On test.weather_pipeline.assert_stg_weather_unique_city_ts: ROLLBACK
[0m19:46:55.635031 [debug] [Thread-1 (]: On test.weather_pipeline.assert_stg_weather_unique_city_ts: Close
[0m19:46:55.635261 [info ] [Thread-1 (]: 6 of 14 PASS assert_stg_weather_unique_city_ts ................................. [[32mPASS[0m in 0.00s]
[0m19:46:55.635475 [debug] [Thread-1 (]: Finished running node test.weather_pipeline.assert_stg_weather_unique_city_ts
[0m19:46:55.635629 [debug] [Thread-1 (]: Began running node test.weather_pipeline.assert_temperature_plausible
[0m19:46:55.635781 [info ] [Thread-1 (]: 7 of 14 START test assert_temperature_plausible ................................ [RUN]
[0m19:46:55.635944 [debug] [Thread-1 (]: Re-using an available connection from the pool (formerly test.weather_pipeline.assert_stg_weather_unique_city_ts, now test.weather_pipeline.assert_temperature_plausible)
[0m19:46:55.636078 [debug] [Thread-1 (]: Began compiling node test.weather_pipeline.assert_temperature_plausible
[0m19:46:55.636741 [debug] [Thread-1 (]: Writing injected SQL for node "test.weather_pipeline.assert_temperature_plausible"
[0m19:46:55.637012 [debug] [Thread-1 (]: Began executing node test.weather_pipeline.assert_temperature_plausible
[0m19:46:55.637954 [debug] [Thread-1 (]: Writing runtime sql for node "test.weather_pipeline.assert_temperature_plausible"
[0m19:46:55.638239 [debug] [Thread-1 (]: Using duckdb connection "test.weather_pipeline.assert_temperature_plausible"
[0m19:46:55.638381 [debug] [Thread-1 (]: On test.weather_pipeline.assert_temperature_plausible: BEGIN
[0m19:46:55.638512 [debug] [Thread-1 (]: Opening a new connection, currently in state closed
[0m19:46:55.638724 [debug] [Thread-1 (]: SQL status: OK in 0.000 seconds
[0m19:46:55.638869 [debug] [Thread-1 (]: Using duckdb connection "test.weather_pipeline.assert_temperature_plausible"
[0m19:46:55.639017 [debug] [Thread-1 (]: On test.weather_pipeline.assert_temperature_plausible: /* {"app": "dbt", "dbt_version": "1.12.5", "profile_name": "weather_pipeline", "target_name": "dev", "node_id": "test.weather_pipeline.assert_temperature_plausible"} */

    
    select
      count(*) as failures,
      count(*) != 0 as should_warn,
      count(*) != 0 as should_error
    from (
      
    
  -- Fails for physically implausible temperatures (deg C).
select *
from "warehouse"."main_staging"."stg_weather"
where temperature_c < -60 or temperature_c > 60
  
  
      
    ) dbt_internal_test
[0m19:46:55.639424 [debug] [Thread-1 (]: SQL status: OK in 0.000 seconds
[0m19:46:55.640037 [debug] [Thread-1 (]: On test.weather_pipeline.assert_temperature_plausible: ROLLBACK
[0m19:46:55.640248 [debug] [Thread-1 (]: On test.weather_pipeline.assert_temperature_plausible: Close
[0m19:46:55.640489 [info ] [Thread-1 (]: 7 of 14 PASS assert_temperature_plausible ...................................... [[32mPASS[0m in 0.00s]
[0m19:46:55.640708 [debug] [Thread-1 (]: Finished running node test.weather_pipeline.assert_temperature_plausible
[0m19:46:55.640863 [debug] [Thread-1 (]: Began running node test.weather_pipeline.not_null_stg_weather_city.c03e0c0127
[0m19:46:55.641031 [info ] [Thread-1 (]: 8 of 14 START test not_null_stg_weather_city ................................... [RUN]
[0m19:46:55.641212 [debug] [Thread-1 (]: Re-using an available connection from the pool (formerly test.weather_pipeline.assert_temperature_plausible, now test.weather_pipeline.not_null_stg_weather_city.c03e0c0127)
[0m19:46:55.641355 [debug] [Thread-1 (]: Began compiling node test.weather_pipeline.not_null_stg_weather_city.c03e0c0127
[0m19:46:55.644091 [debug] [Thread-1 (]: Writing injected SQL for node "test.weather_pipeline.not_null_stg_weather_city.c03e0c0127"
[0m19:46:55.644373 [debug] [Thread-1 (]: Began executing node test.weather_pipeline.not_null_stg_weather_city.c03e0c0127
[0m19:46:55.645077 [debug] [Thread-1 (]: Writing runtime sql for node "test.weather_pipeline.not_null_stg_weather_city.c03e0c0127"
[0m19:46:55.645379 [debug] [Thread-1 (]: Using duckdb connection "test.weather_pipeline.not_null_stg_weather_city.c03e0c0127"
[0m19:46:55.645522 [debug] [Thread-1 (]: On test.weather_pipeline.not_null_stg_weather_city.c03e0c0127: BEGIN
[0m19:46:55.645650 [debug] [Thread-1 (]: Opening a new connection, currently in state closed
[0m19:46:55.645846 [debug] [Thread-1 (]: SQL status: OK in 0.000 seconds
[0m19:46:55.645982 [debug] [Thread-1 (]: Using duckdb connection "test.weather_pipeline.not_null_stg_weather_city.c03e0c0127"
[0m19:46:55.646125 [debug] [Thread-1 (]: On test.weather_pipeline.not_null_stg_weather_city.c03e0c0127: /* {"app": "dbt", "dbt_version": "1.12.5", "profile_name": "weather_pipeline", "target_name": "dev", "node_id": "test.weather_pipeline.not_null_stg_weather_city.c03e0c0127"} */

    
    select
      count(*) as failures,
      count(*) != 0 as should_warn,
      count(*) != 0 as should_error
    from (
      
    
  
    
    



select city
from "warehouse"."main_staging"."stg_weather"
where city is null



  
  
      
    ) dbt_internal_test
[0m19:46:55.646468 [debug] [Thread-1 (]: SQL status: OK in 0.000 seconds
[0m19:46:55.647069 [debug] [Thread-1 (]: On test.weather_pipeline.not_null_stg_weather_city.c03e0c0127: ROLLBACK
[0m19:46:55.647275 [debug] [Thread-1 (]: On test.weather_pipeline.not_null_stg_weather_city.c03e0c0127: Close
[0m19:46:55.647509 [info ] [Thread-1 (]: 8 of 14 PASS not_null_stg_weather_city ......................................... [[32mPASS[0m in 0.01s]
[0m19:46:55.647721 [debug] [Thread-1 (]: Finished running node test.weather_pipeline.not_null_stg_weather_city.c03e0c0127
[0m19:46:55.647884 [debug] [Thread-1 (]: Began running node test.weather_pipeline.not_null_stg_weather_temperature_c.3a7a09f65f
[0m19:46:55.648045 [info ] [Thread-1 (]: 9 of 14 START test not_null_stg_weather_temperature_c .......................... [RUN]
[0m19:46:55.648218 [debug] [Thread-1 (]: Re-using an available connection from the pool (formerly test.weather_pipeline.not_null_stg_weather_city.c03e0c0127, now test.weather_pipeline.not_null_stg_weather_temperature_c.3a7a09f65f)
[0m19:46:55.648355 [debug] [Thread-1 (]: Began compiling node test.weather_pipeline.not_null_stg_weather_temperature_c.3a7a09f65f
[0m19:46:55.650997 [debug] [Thread-1 (]: Writing injected SQL for node "test.weather_pipeline.not_null_stg_weather_temperature_c.3a7a09f65f"
[0m19:46:55.651278 [debug] [Thread-1 (]: Began executing node test.weather_pipeline.not_null_stg_weather_temperature_c.3a7a09f65f
[0m19:46:55.651945 [debug] [Thread-1 (]: Writing runtime sql for node "test.weather_pipeline.not_null_stg_weather_temperature_c.3a7a09f65f"
[0m19:46:55.652223 [debug] [Thread-1 (]: Using duckdb connection "test.weather_pipeline.not_null_stg_weather_temperature_c.3a7a09f65f"
[0m19:46:55.652362 [debug] [Thread-1 (]: On test.weather_pipeline.not_null_stg_weather_temperature_c.3a7a09f65f: BEGIN
[0m19:46:55.652486 [debug] [Thread-1 (]: Opening a new connection, currently in state closed
[0m19:46:55.652681 [debug] [Thread-1 (]: SQL status: OK in 0.000 seconds
[0m19:46:55.652815 [debug] [Thread-1 (]: Using duckdb connection "test.weather_pipeline.not_null_stg_weather_temperature_c.3a7a09f65f"
[0m19:46:55.652952 [debug] [Thread-1 (]: On test.weather_pipeline.not_null_stg_weather_temperature_c.3a7a09f65f: /* {"app": "dbt", "dbt_version": "1.12.5", "profile_name": "weather_pipeline", "target_name": "dev", "node_id": "test.weather_pipeline.not_null_stg_weather_temperature_c.3a7a09f65f"} */

    
    select
      count(*) as failures,
      count(*) != 0 as should_warn,
      count(*) != 0 as should_error
    from (
      
    
  
    
    



select temperature_c
from "warehouse"."main_staging"."stg_weather"
where temperature_c is null



  
  
      
    ) dbt_internal_test
[0m19:46:55.653332 [debug] [Thread-1 (]: SQL status: OK in 0.000 seconds
[0m19:46:55.653928 [debug] [Thread-1 (]: On test.weather_pipeline.not_null_stg_weather_temperature_c.3a7a09f65f: ROLLBACK
[0m19:46:55.654122 [debug] [Thread-1 (]: On test.weather_pipeline.not_null_stg_weather_temperature_c.3a7a09f65f: Close
[0m19:46:55.654358 [info ] [Thread-1 (]: 9 of 14 PASS not_null_stg_weather_temperature_c ................................ [[32mPASS[0m in 0.01s]
[0m19:46:55.654575 [debug] [Thread-1 (]: Finished running node test.weather_pipeline.not_null_stg_weather_temperature_c.3a7a09f65f
[0m19:46:55.654729 [debug] [Thread-1 (]: Began running node test.weather_pipeline.not_null_stg_weather_ts.4f82cf9d8b
[0m19:46:55.654880 [info ] [Thread-1 (]: 10 of 14 START test not_null_stg_weather_ts .................................... [RUN]
[0m19:46:55.655044 [debug] [Thread-1 (]: Re-using an available connection from the pool (formerly test.weather_pipeline.not_null_stg_weather_temperature_c.3a7a09f65f, now test.weather_pipeline.not_null_stg_weather_ts.4f82cf9d8b)
[0m19:46:55.655179 [debug] [Thread-1 (]: Began compiling node test.weather_pipeline.not_null_stg_weather_ts.4f82cf9d8b
[0m19:46:55.658243 [debug] [Thread-1 (]: Writing injected SQL for node "test.weather_pipeline.not_null_stg_weather_ts.4f82cf9d8b"
[0m19:46:55.658523 [debug] [Thread-1 (]: Began executing node test.weather_pipeline.not_null_stg_weather_ts.4f82cf9d8b
[0m19:46:55.659207 [debug] [Thread-1 (]: Writing runtime sql for node "test.weather_pipeline.not_null_stg_weather_ts.4f82cf9d8b"
[0m19:46:55.659467 [debug] [Thread-1 (]: Using duckdb connection "test.weather_pipeline.not_null_stg_weather_ts.4f82cf9d8b"
[0m19:46:55.659609 [debug] [Thread-1 (]: On test.weather_pipeline.not_null_stg_weather_ts.4f82cf9d8b: BEGIN
[0m19:46:55.659735 [debug] [Thread-1 (]: Opening a new connection, currently in state closed
[0m19:46:55.659930 [debug] [Thread-1 (]: SQL status: OK in 0.000 seconds
[0m19:46:55.660063 [debug] [Thread-1 (]: Using duckdb connection "test.weather_pipeline.not_null_stg_weather_ts.4f82cf9d8b"
[0m19:46:55.660200 [debug] [Thread-1 (]: On test.weather_pipeline.not_null_stg_weather_ts.4f82cf9d8b: /* {"app": "dbt", "dbt_version": "1.12.5", "profile_name": "weather_pipeline", "target_name": "dev", "node_id": "test.weather_pipeline.not_null_stg_weather_ts.4f82cf9d8b"} */

    
    select
      count(*) as failures,
      count(*) != 0 as should_warn,
      count(*) != 0 as should_error
    from (
      
    
  
    
    



select ts
from "warehouse"."main_staging"."stg_weather"
where ts is null



  
  
      
    ) dbt_internal_test
[0m19:46:55.660540 [debug] [Thread-1 (]: SQL status: OK in 0.000 seconds
[0m19:46:55.661110 [debug] [Thread-1 (]: On test.weather_pipeline.not_null_stg_weather_ts.4f82cf9d8b: ROLLBACK
[0m19:46:55.661308 [debug] [Thread-1 (]: On test.weather_pipeline.not_null_stg_weather_ts.4f82cf9d8b: Close
[0m19:46:55.661544 [info ] [Thread-1 (]: 10 of 14 PASS not_null_stg_weather_ts .......................................... [[32mPASS[0m in 0.01s]
[0m19:46:55.661758 [debug] [Thread-1 (]: Finished running node test.weather_pipeline.not_null_stg_weather_ts.4f82cf9d8b
[0m19:46:55.662038 [debug] [Thread-1 (]: Began running node model.weather_pipeline.daily_city_metrics
[0m19:46:55.662268 [info ] [Thread-1 (]: 11 of 14 START sql table model main_marts.daily_city_metrics ................... [RUN]
[0m19:46:55.662475 [debug] [Thread-1 (]: Re-using an available connection from the pool (formerly test.weather_pipeline.not_null_stg_weather_ts.4f82cf9d8b, now model.weather_pipeline.daily_city_metrics)
[0m19:46:55.662624 [debug] [Thread-1 (]: Began compiling node model.weather_pipeline.daily_city_metrics
[0m19:46:55.663468 [debug] [Thread-1 (]: Writing injected SQL for node "model.weather_pipeline.daily_city_metrics"
[0m19:46:55.663782 [debug] [Thread-1 (]: Began executing node model.weather_pipeline.daily_city_metrics
[0m19:46:55.680716 [debug] [Thread-1 (]: Writing runtime sql for node "model.weather_pipeline.daily_city_metrics"
[0m19:46:55.681076 [debug] [Thread-1 (]: Using duckdb connection "model.weather_pipeline.daily_city_metrics"
[0m19:46:55.681222 [debug] [Thread-1 (]: On model.weather_pipeline.daily_city_metrics: BEGIN
[0m19:46:55.681352 [debug] [Thread-1 (]: Opening a new connection, currently in state closed
[0m19:46:55.681561 [debug] [Thread-1 (]: SQL status: OK in 0.000 seconds
[0m19:46:55.681691 [debug] [Thread-1 (]: Using duckdb connection "model.weather_pipeline.daily_city_metrics"
[0m19:46:55.681846 [debug] [Thread-1 (]: On model.weather_pipeline.daily_city_metrics: /* {"app": "dbt", "dbt_version": "1.12.5", "profile_name": "weather_pipeline", "target_name": "dev", "node_id": "model.weather_pipeline.daily_city_metrics"} */

    

    create  table
      "warehouse"."main_marts"."daily_city_metrics__dbt_tmp"
  
    
    as (
      with joined as (
    select
        w.city,
        cast(w.ts as date) as date,
        w.temperature_c,
        w.humidity_pct,
        w.precipitation_mm,
        w.wind_kmh,
        a.pm25_ugm3,
        a.aqi
    from "warehouse"."main_staging"."stg_weather" w
    left join "warehouse"."main_staging"."stg_air_quality" a
        on w.city = a.city and w.ts = a.ts
)

select
    city,
    date,
    round(avg(temperature_c), 1)  as avg_temp_c,
    max(temperature_c)            as max_temp_c,
    min(temperature_c)            as min_temp_c,
    round(avg(humidity_pct), 1)   as avg_humidity_pct,
    round(sum(precipitation_mm), 1) as total_precip_mm,
    round(avg(wind_kmh), 1)       as avg_wind_kmh,
    round(avg(pm25_ugm3), 1)      as avg_pm25_ugm3,
    max(aqi)                      as max_aqi,
    max(temperature_c) >= 35      as is_hot_day,
    case
        when max(aqi) is null then 'unknown'
        when max(aqi) <= 50  then 'good'
        when max(aqi) <= 100 then 'moderate'
        when max(aqi) <= 150 then 'unhealthy for sensitive groups'
        else 'unhealthy'
    end as aqi_category,
    count(*) as hours_observed
from joined
group by city, date
    );
    
  
[0m19:46:55.683942 [debug] [Thread-1 (]: SQL status: OK in 0.002 seconds
[0m19:46:55.684871 [debug] [Thread-1 (]: Using duckdb connection "model.weather_pipeline.daily_city_metrics"
[0m19:46:55.685008 [debug] [Thread-1 (]: On model.weather_pipeline.daily_city_metrics: /* {"app": "dbt", "dbt_version": "1.12.5", "profile_name": "weather_pipeline", "target_name": "dev", "node_id": "model.weather_pipeline.daily_city_metrics"} */
alter table "warehouse"."main_marts"."daily_city_metrics__dbt_tmp" rename to "daily_city_metrics"
[0m19:46:55.685241 [debug] [Thread-1 (]: SQL status: OK in 0.000 seconds
[0m19:46:55.687377 [debug] [Thread-1 (]: On model.weather_pipeline.daily_city_metrics: COMMIT
[0m19:46:55.687529 [debug] [Thread-1 (]: Using duckdb connection "model.weather_pipeline.daily_city_metrics"
[0m19:46:55.687659 [debug] [Thread-1 (]: On model.weather_pipeline.daily_city_metrics: COMMIT
[0m19:46:55.687992 [debug] [Thread-1 (]: SQL status: OK in 0.000 seconds
[0m19:46:55.688586 [debug] [Thread-1 (]: Using duckdb connection "model.weather_pipeline.daily_city_metrics"
[0m19:46:55.688719 [debug] [Thread-1 (]: On model.weather_pipeline.daily_city_metrics: /* {"app": "dbt", "dbt_version": "1.12.5", "profile_name": "weather_pipeline", "target_name": "dev", "node_id": "model.weather_pipeline.daily_city_metrics"} */

      drop table if exists "warehouse"."main_marts"."daily_city_metrics__dbt_backup" cascade
    
[0m19:46:55.688923 [debug] [Thread-1 (]: SQL status: OK in 0.000 seconds
[0m19:46:55.689458 [debug] [Thread-1 (]: On model.weather_pipeline.daily_city_metrics: Close
[0m19:46:55.689677 [debug] [Thread-1 (]: Sending event: {'category': 'dbt', 'action': 'run_model', 'label': '15992068-a008-49db-a09d-a412e21dacaf', 'context': [<snowplow_tracker.self_describing_json.SelfDescribingJson object at 0x10eb7a350>]}
[0m19:46:55.689923 [info ] [Thread-1 (]: 11 of 14 OK created sql table model main_marts.daily_city_metrics .............. [[32mOK[0m in 0.03s]
[0m19:46:55.690148 [debug] [Thread-1 (]: Finished running node model.weather_pipeline.daily_city_metrics
[0m19:46:55.690448 [debug] [Thread-1 (]: Began running node test.weather_pipeline.not_null_daily_city_metrics_city.959f0c8a13
[0m19:46:55.690620 [info ] [Thread-1 (]: 12 of 14 START test not_null_daily_city_metrics_city ........................... [RUN]
[0m19:46:55.690804 [debug] [Thread-1 (]: Re-using an available connection from the pool (formerly model.weather_pipeline.daily_city_metrics, now test.weather_pipeline.not_null_daily_city_metrics_city.959f0c8a13)
[0m19:46:55.690949 [debug] [Thread-1 (]: Began compiling node test.weather_pipeline.not_null_daily_city_metrics_city.959f0c8a13
[0m19:46:55.693665 [debug] [Thread-1 (]: Writing injected SQL for node "test.weather_pipeline.not_null_daily_city_metrics_city.959f0c8a13"
[0m19:46:55.694027 [debug] [Thread-1 (]: Began executing node test.weather_pipeline.not_null_daily_city_metrics_city.959f0c8a13
[0m19:46:55.694693 [debug] [Thread-1 (]: Writing runtime sql for node "test.weather_pipeline.not_null_daily_city_metrics_city.959f0c8a13"
[0m19:46:55.695074 [debug] [Thread-1 (]: Using duckdb connection "test.weather_pipeline.not_null_daily_city_metrics_city.959f0c8a13"
[0m19:46:55.695213 [debug] [Thread-1 (]: On test.weather_pipeline.not_null_daily_city_metrics_city.959f0c8a13: BEGIN
[0m19:46:55.695343 [debug] [Thread-1 (]: Opening a new connection, currently in state closed
[0m19:46:55.695551 [debug] [Thread-1 (]: SQL status: OK in 0.000 seconds
[0m19:46:55.695683 [debug] [Thread-1 (]: Using duckdb connection "test.weather_pipeline.not_null_daily_city_metrics_city.959f0c8a13"
[0m19:46:55.695814 [debug] [Thread-1 (]: On test.weather_pipeline.not_null_daily_city_metrics_city.959f0c8a13: /* {"app": "dbt", "dbt_version": "1.12.5", "profile_name": "weather_pipeline", "target_name": "dev", "node_id": "test.weather_pipeline.not_null_daily_city_metrics_city.959f0c8a13"} */

    
    select
      count(*) as failures,
      count(*) != 0 as should_warn,
      count(*) != 0 as should_error
    from (
      
    
  
    
    



select city
from "warehouse"."main_marts"."daily_city_metrics"
where city is null



  
  
      
    ) dbt_internal_test
[0m19:46:55.696133 [debug] [Thread-1 (]: SQL status: OK in 0.000 seconds
[0m19:46:55.696763 [debug] [Thread-1 (]: On test.weather_pipeline.not_null_daily_city_metrics_city.959f0c8a13: ROLLBACK
[0m19:46:55.696971 [debug] [Thread-1 (]: On test.weather_pipeline.not_null_daily_city_metrics_city.959f0c8a13: Close
[0m19:46:55.697208 [info ] [Thread-1 (]: 12 of 14 PASS not_null_daily_city_metrics_city ................................. [[32mPASS[0m in 0.01s]
[0m19:46:55.697423 [debug] [Thread-1 (]: Finished running node test.weather_pipeline.not_null_daily_city_metrics_city.959f0c8a13
[0m19:46:55.697579 [debug] [Thread-1 (]: Began running node test.weather_pipeline.not_null_daily_city_metrics_date.c0a994be93
[0m19:46:55.697730 [info ] [Thread-1 (]: 13 of 14 START test not_null_daily_city_metrics_date ........................... [RUN]
[0m19:46:55.697896 [debug] [Thread-1 (]: Re-using an available connection from the pool (formerly test.weather_pipeline.not_null_daily_city_metrics_city.959f0c8a13, now test.weather_pipeline.not_null_daily_city_metrics_date.c0a994be93)
[0m19:46:55.698032 [debug] [Thread-1 (]: Began compiling node test.weather_pipeline.not_null_daily_city_metrics_date.c0a994be93
[0m19:46:55.701115 [debug] [Thread-1 (]: Writing injected SQL for node "test.weather_pipeline.not_null_daily_city_metrics_date.c0a994be93"
[0m19:46:55.701442 [debug] [Thread-1 (]: Began executing node test.weather_pipeline.not_null_daily_city_metrics_date.c0a994be93
[0m19:46:55.702165 [debug] [Thread-1 (]: Writing runtime sql for node "test.weather_pipeline.not_null_daily_city_metrics_date.c0a994be93"
[0m19:46:55.702458 [debug] [Thread-1 (]: Using duckdb connection "test.weather_pipeline.not_null_daily_city_metrics_date.c0a994be93"
[0m19:46:55.702597 [debug] [Thread-1 (]: On test.weather_pipeline.not_null_daily_city_metrics_date.c0a994be93: BEGIN
[0m19:46:55.702721 [debug] [Thread-1 (]: Opening a new connection, currently in state closed
[0m19:46:55.702925 [debug] [Thread-1 (]: SQL status: OK in 0.000 seconds
[0m19:46:55.703061 [debug] [Thread-1 (]: Using duckdb connection "test.weather_pipeline.not_null_daily_city_metrics_date.c0a994be93"
[0m19:46:55.703197 [debug] [Thread-1 (]: On test.weather_pipeline.not_null_daily_city_metrics_date.c0a994be93: /* {"app": "dbt", "dbt_version": "1.12.5", "profile_name": "weather_pipeline", "target_name": "dev", "node_id": "test.weather_pipeline.not_null_daily_city_metrics_date.c0a994be93"} */

    
    select
      count(*) as failures,
      count(*) != 0 as should_warn,
      count(*) != 0 as should_error
    from (
      
    
  
    
    



select date
from "warehouse"."main_marts"."daily_city_metrics"
where date is null



  
  
      
    ) dbt_internal_test
[0m19:46:55.703512 [debug] [Thread-1 (]: SQL status: OK in 0.000 seconds
[0m19:46:55.704117 [debug] [Thread-1 (]: On test.weather_pipeline.not_null_daily_city_metrics_date.c0a994be93: ROLLBACK
[0m19:46:55.704305 [debug] [Thread-1 (]: On test.weather_pipeline.not_null_daily_city_metrics_date.c0a994be93: Close
[0m19:46:55.704532 [info ] [Thread-1 (]: 13 of 14 PASS not_null_daily_city_metrics_date ................................. [[32mPASS[0m in 0.01s]
[0m19:46:55.704743 [debug] [Thread-1 (]: Finished running node test.weather_pipeline.not_null_daily_city_metrics_date.c0a994be93
[0m19:46:55.704903 [debug] [Thread-1 (]: Began running node test.weather_pipeline.not_null_daily_city_metrics_hours_observed.82f3000a2e
[0m19:46:55.705057 [info ] [Thread-1 (]: 14 of 14 START test not_null_daily_city_metrics_hours_observed ................. [RUN]
[0m19:46:55.705221 [debug] [Thread-1 (]: Re-using an available connection from the pool (formerly test.weather_pipeline.not_null_daily_city_metrics_date.c0a994be93, now test.weather_pipeline.not_null_daily_city_metrics_hours_observed.82f3000a2e)
[0m19:46:55.705358 [debug] [Thread-1 (]: Began compiling node test.weather_pipeline.not_null_daily_city_metrics_hours_observed.82f3000a2e
[0m19:46:55.708145 [debug] [Thread-1 (]: Writing injected SQL for node "test.weather_pipeline.not_null_daily_city_metrics_hours_observed.82f3000a2e"
[0m19:46:55.708434 [debug] [Thread-1 (]: Began executing node test.weather_pipeline.not_null_daily_city_metrics_hours_observed.82f3000a2e
[0m19:46:55.709115 [debug] [Thread-1 (]: Writing runtime sql for node "test.weather_pipeline.not_null_daily_city_metrics_hours_observed.82f3000a2e"
[0m19:46:55.709401 [debug] [Thread-1 (]: Using duckdb connection "test.weather_pipeline.not_null_daily_city_metrics_hours_observed.82f3000a2e"
[0m19:46:55.709545 [debug] [Thread-1 (]: On test.weather_pipeline.not_null_daily_city_metrics_hours_observed.82f3000a2e: BEGIN
[0m19:46:55.709674 [debug] [Thread-1 (]: Opening a new connection, currently in state closed
[0m19:46:55.709880 [debug] [Thread-1 (]: SQL status: OK in 0.000 seconds
[0m19:46:55.710017 [debug] [Thread-1 (]: Using duckdb connection "test.weather_pipeline.not_null_daily_city_metrics_hours_observed.82f3000a2e"
[0m19:46:55.710159 [debug] [Thread-1 (]: On test.weather_pipeline.not_null_daily_city_metrics_hours_observed.82f3000a2e: /* {"app": "dbt", "dbt_version": "1.12.5", "profile_name": "weather_pipeline", "target_name": "dev", "node_id": "test.weather_pipeline.not_null_daily_city_metrics_hours_observed.82f3000a2e"} */

    
    select
      count(*) as failures,
      count(*) != 0 as should_warn,
      count(*) != 0 as should_error
    from (
      
    
  
    
    



select hours_observed
from "warehouse"."main_marts"."daily_city_metrics"
where hours_observed is null



  
  
      
    ) dbt_internal_test
[0m19:46:55.710487 [debug] [Thread-1 (]: SQL status: OK in 0.000 seconds
[0m19:46:55.711130 [debug] [Thread-1 (]: On test.weather_pipeline.not_null_daily_city_metrics_hours_observed.82f3000a2e: ROLLBACK
[0m19:46:55.711349 [debug] [Thread-1 (]: On test.weather_pipeline.not_null_daily_city_metrics_hours_observed.82f3000a2e: Close
[0m19:46:55.711593 [info ] [Thread-1 (]: 14 of 14 PASS not_null_daily_city_metrics_hours_observed ....................... [[32mPASS[0m in 0.01s]
[0m19:46:55.711816 [debug] [Thread-1 (]: Finished running node test.weather_pipeline.not_null_daily_city_metrics_hours_observed.82f3000a2e
[0m19:46:55.712330 [debug] [MainThread]: Using duckdb connection "master"
[0m19:46:55.712469 [debug] [MainThread]: On master: BEGIN
[0m19:46:55.712584 [debug] [MainThread]: Opening a new connection, currently in state closed
[0m19:46:55.712776 [debug] [MainThread]: SQL status: OK in 0.000 seconds
[0m19:46:55.712900 [debug] [MainThread]: On master: COMMIT
[0m19:46:55.713012 [debug] [MainThread]: Using duckdb connection "master"
[0m19:46:55.713114 [debug] [MainThread]: On master: COMMIT
[0m19:46:55.713269 [debug] [MainThread]: SQL status: OK in 0.000 seconds
[0m19:46:55.713382 [debug] [MainThread]: On master: Close
[0m19:46:55.713533 [debug] [MainThread]: Connection 'master' was properly closed.
[0m19:46:55.713640 [debug] [MainThread]: Connection 'test.weather_pipeline.not_null_daily_city_metrics_hours_observed.82f3000a2e' was properly closed.
[0m19:46:55.713773 [info ] [MainThread]: 
[0m19:46:55.713903 [info ] [MainThread]: Finished running 1 table model, 11 data tests, 2 view models in 0 hours 0 minutes and 0.22 seconds (0.22s).
[0m19:46:55.714780 [debug] [MainThread]: Command end result
[0m19:46:55.732291 [debug] [MainThread]: Wrote artifact WritableManifest to /Users/varnikkatm/Desktop/weatherdata/weather-pipeline/dbt_project/target/manifest.json
[0m19:46:55.733755 [debug] [MainThread]: Wrote artifact SemanticManifest to /Users/varnikkatm/Desktop/weatherdata/weather-pipeline/dbt_project/target/semantic_manifest.json
[0m19:46:55.735066 [debug] [MainThread]: Wrote artifact OsiDocument to /Users/varnikkatm/Desktop/weatherdata/weather-pipeline/dbt_project/target/osi_document.json
[0m19:46:55.738372 [debug] [MainThread]: Wrote artifact RunExecutionResult to /Users/varnikkatm/Desktop/weatherdata/weather-pipeline/dbt_project/target/run_results.json
[0m19:46:55.738517 [info ] [MainThread]: 
[0m19:46:55.738662 [info ] [MainThread]: [32mCompleted successfully[0m
[0m19:46:55.738784 [info ] [MainThread]: 
[0m19:46:55.738926 [info ] [MainThread]: Done. PASS=14 WARN=0 ERROR=0 SKIP=0 NO-OP=0 REUSED=0 TOTAL=14
[0m19:46:55.740527 [debug] [MainThread]: Resource report: {"command_name": "build", "command_success": true, "command_wall_clock_time": 1.5122176, "process_in_blocks": "0", "process_kernel_time": 0.203371, "process_mem_max_rss": "192315392", "process_out_blocks": "0", "process_user_time": 2.090954}
[0m19:46:55.740751 [debug] [MainThread]: Command `dbt build` succeeded at 19:46:55.740712 after 1.51 seconds
[0m19:46:55.740912 [debug] [MainThread]: Sending event: {'category': 'dbt', 'action': 'invocation', 'label': 'end', 'context': [<snowplow_tracker.self_describing_json.SelfDescribingJson object at 0x10e208950>, <snowplow_tracker.self_describing_json.SelfDescribingJson object at 0x10e20bd50>, <snowplow_tracker.self_describing_json.SelfDescribingJson object at 0x10d9e2120>]}
[0m19:46:55.741060 [debug] [MainThread]: Flushing usage events
[0m19:46:57.156292 [debug] [MainThread]: An error was encountered while trying to flush usage events
[0m13:41:40.222398 [debug] [MainThread]: Sending event: {'category': 'dbt', 'action': 'invocation', 'label': 'start', 'context': [<snowplow_tracker.self_describing_json.SelfDescribingJson object at 0x10827e120>, <snowplow_tracker.self_describing_json.SelfDescribingJson object at 0x10974f750>, <snowplow_tracker.self_describing_json.SelfDescribingJson object at 0x10974f890>]}


============================== 13:41:40.225540 | 3a8af1a7-7ee5-4665-a00b-213be936fcfa ==============================
[0m13:41:40.225540 [info ] [MainThread]: Running with dbt=1.12.5
[0m13:41:40.225865 [debug] [MainThread]: running dbt with arguments {'invocation_command': 'dbt build --project-dir /Users/varnikkatm/Desktop/weatherdata/weather-pipeline/dbt_project --profiles-dir /Users/varnikkatm/Desktop/weatherdata/weather-pipeline/dbt_project', 'warn_error': 'None', 'log_format': 'default', 'printer_width': '80', 'static_parser': 'True', 'introspect': 'True', 'debug': 'False', 'quiet': 'False', 'log_path': '/Users/varnikkatm/Desktop/weatherdata/weather-pipeline/dbt_project/logs', 'hints_enabled': 'True', 'use_experimental_parser': 'False', 'empty': 'False', 'fail_fast': 'False', 'warn_error_options': 'WarnErrorOptionsV2(error=[], warn=[], silence=[])', 'no_print': 'None', 'log_cache_events': 'False', 'target_path': 'None', 'profiles_dir': '/Users/varnikkatm/Desktop/weatherdata/weather-pipeline/dbt_project', 'send_anonymous_usage_stats': 'True', 'indirect_selection': 'eager', 'use_colors': 'True', 'maximum_seed_size_mib': '1', 'partial_parse': 'True', 'version_check': 'True', 'cache_selected_only': 'False', 'write_json': 'True'}
[0m13:41:40.357723 [debug] [MainThread]: Sending event: {'category': 'dbt', 'action': 'project_id', 'label': '3a8af1a7-7ee5-4665-a00b-213be936fcfa', 'context': [<snowplow_tracker.self_describing_json.SelfDescribingJson object at 0x1085cda70>]}
[0m13:41:40.428943 [debug] [MainThread]: Sending event: {'category': 'dbt', 'action': 'adapter_info', 'label': '3a8af1a7-7ee5-4665-a00b-213be936fcfa', 'context': [<snowplow_tracker.self_describing_json.SelfDescribingJson object at 0x1096c1ae0>]}
[0m13:41:40.431179 [info ] [MainThread]: Registered adapter: duckdb=1.11.0
[0m13:41:40.484966 [debug] [MainThread]: checksum: ba689b7f905241906e1496b2e53804a9ae742690c0d24cd6dbdee9157065b982, vars: {}, profile: weather_pipeline, target: dev, version: 1.12.5
[0m13:41:40.566587 [debug] [MainThread]: Partial parsing enabled: 0 files deleted, 0 files added, 0 files changed.
[0m13:41:40.566776 [debug] [MainThread]: Nothing changed, skipping partial parsing.
[0m13:41:40.566892 [debug] [MainThread]: Partial parsing enabled, no changes found, skipping parsing
[0m13:41:40.571632 [debug] [MainThread]: Sending event: {'category': 'dbt', 'action': 'load_project', 'label': '3a8af1a7-7ee5-4665-a00b-213be936fcfa', 'context': [<snowplow_tracker.self_describing_json.SelfDescribingJson object at 0x109d1a750>]}
[0m13:41:40.650118 [debug] [MainThread]: Wrote artifact WritableManifest to /Users/varnikkatm/Desktop/weatherdata/weather-pipeline/dbt_project/target/manifest.json
[0m13:41:40.652157 [debug] [MainThread]: Wrote artifact SemanticManifest to /Users/varnikkatm/Desktop/weatherdata/weather-pipeline/dbt_project/target/semantic_manifest.json
[0m13:41:40.663247 [debug] [MainThread]: Wrote artifact OsiDocument to /Users/varnikkatm/Desktop/weatherdata/weather-pipeline/dbt_project/target/osi_document.json
[0m13:41:40.678535 [debug] [MainThread]: Sending event: {'category': 'dbt', 'action': 'resource_counts', 'label': '3a8af1a7-7ee5-4665-a00b-213be936fcfa', 'context': [<snowplow_tracker.self_describing_json.SelfDescribingJson object at 0x109f226c0>]}
[0m13:41:40.678776 [info ] [MainThread]: Found 3 models, 11 data tests, 2 sources, 500 macros
[0m13:41:40.680103 [info ] [MainThread]: 
[0m13:41:40.680296 [info ] [MainThread]: Concurrency: 1 threads (target='dev')
[0m13:41:40.680417 [info ] [MainThread]: 
[0m13:41:40.680701 [debug] [MainThread]: Acquiring new duckdb connection 'master'
[0m13:41:40.682960 [debug] [ThreadPool]: Acquiring new duckdb connection 'list_warehouse'
[0m13:41:40.730396 [debug] [ThreadPool]: Using duckdb connection "list_warehouse"
[0m13:41:40.730626 [debug] [ThreadPool]: On list_warehouse: /* {"app": "dbt", "dbt_version": "1.12.5", "profile_name": "weather_pipeline", "target_name": "dev", "connection_name": "list_warehouse"} */

    
    select schema_name
    from system.information_schema.schemata
    
    where lower(catalog_name) = '"warehouse"'
    
  
  
[0m13:41:40.730761 [debug] [ThreadPool]: Opening a new connection, currently in state init
[0m13:41:40.737262 [debug] [ThreadPool]: SQL status: OK in 0.006 seconds
[0m13:41:40.737941 [debug] [ThreadPool]: On list_warehouse: Close
[0m13:41:40.738729 [debug] [ThreadPool]: Using duckdb connection "list_warehouse"
[0m13:41:40.738888 [debug] [ThreadPool]: On list_warehouse: /* {"app": "dbt", "dbt_version": "1.12.5", "profile_name": "weather_pipeline", "target_name": "dev", "connection_name": "list_warehouse"} */

    
    select schema_name
    from system.information_schema.schemata
    
    where lower(catalog_name) = '"warehouse"'
    
  
  
[0m13:41:40.739007 [debug] [ThreadPool]: Opening a new connection, currently in state closed
[0m13:41:40.739359 [debug] [ThreadPool]: SQL status: OK in 0.000 seconds
[0m13:41:40.739895 [debug] [ThreadPool]: On list_warehouse: Close
[0m13:41:40.740188 [debug] [ThreadPool]: Re-using an available connection from the pool (formerly list_warehouse, now create_warehouse_main_staging)
[0m13:41:40.740390 [debug] [ThreadPool]: Creating schema "database: "warehouse"
schema: "main_staging"
"
[0m13:41:40.743669 [debug] [ThreadPool]: Using duckdb connection "create_warehouse_main_staging"
[0m13:41:40.743812 [debug] [ThreadPool]: On create_warehouse_main_staging: /* {"app": "dbt", "dbt_version": "1.12.5", "profile_name": "weather_pipeline", "target_name": "dev", "connection_name": "create_warehouse_main_staging"} */

    
        select type from duckdb_databases()
        where lower(database_name)='warehouse'
        and type != 'duckdb'
    
  
[0m13:41:40.743925 [debug] [ThreadPool]: Opening a new connection, currently in state closed
[0m13:41:40.744307 [debug] [ThreadPool]: SQL status: OK in 0.000 seconds
[0m13:41:40.744884 [debug] [ThreadPool]: Using duckdb connection "create_warehouse_main_staging"
[0m13:41:40.745009 [debug] [ThreadPool]: On create_warehouse_main_staging: BEGIN
[0m13:41:40.745227 [debug] [ThreadPool]: SQL status: OK in 0.000 seconds
[0m13:41:40.745396 [debug] [ThreadPool]: Using duckdb connection "create_warehouse_main_staging"
[0m13:41:40.745529 [debug] [ThreadPool]: On create_warehouse_main_staging: /* {"app": "dbt", "dbt_version": "1.12.5", "profile_name": "weather_pipeline", "target_name": "dev", "connection_name": "create_warehouse_main_staging"} */

    
    
        create schema if not exists "warehouse"."main_staging"
    
[0m13:41:40.745756 [debug] [ThreadPool]: SQL status: OK in 0.000 seconds
[0m13:41:40.746158 [debug] [ThreadPool]: On create_warehouse_main_staging: COMMIT
[0m13:41:40.746279 [debug] [ThreadPool]: Using duckdb connection "create_warehouse_main_staging"
[0m13:41:40.746385 [debug] [ThreadPool]: On create_warehouse_main_staging: COMMIT
[0m13:41:40.746552 [debug] [ThreadPool]: SQL status: OK in 0.000 seconds
[0m13:41:40.746664 [debug] [ThreadPool]: On create_warehouse_main_staging: Close
[0m13:41:40.746912 [debug] [ThreadPool]: Re-using an available connection from the pool (formerly create_warehouse_main_staging, now create_warehouse_main_marts)
[0m13:41:40.747128 [debug] [ThreadPool]: Creating schema "database: "warehouse"
schema: "main_marts"
"
[0m13:41:40.747667 [debug] [ThreadPool]: Using duckdb connection "create_warehouse_main_marts"
[0m13:41:40.747798 [debug] [ThreadPool]: On create_warehouse_main_marts: /* {"app": "dbt", "dbt_version": "1.12.5", "profile_name": "weather_pipeline", "target_name": "dev", "connection_name": "create_warehouse_main_marts"} */

    
        select type from duckdb_databases()
        where lower(database_name)='warehouse'
        and type != 'duckdb'
    
  
[0m13:41:40.747910 [debug] [ThreadPool]: Opening a new connection, currently in state closed
[0m13:41:40.748253 [debug] [ThreadPool]: SQL status: OK in 0.000 seconds
[0m13:41:40.748828 [debug] [ThreadPool]: Using duckdb connection "create_warehouse_main_marts"
[0m13:41:40.748960 [debug] [ThreadPool]: On create_warehouse_main_marts: BEGIN
[0m13:41:40.749145 [debug] [ThreadPool]: SQL status: OK in 0.000 seconds
[0m13:41:40.749257 [debug] [ThreadPool]: Using duckdb connection "create_warehouse_main_marts"
[0m13:41:40.749362 [debug] [ThreadPool]: On create_warehouse_main_marts: /* {"app": "dbt", "dbt_version": "1.12.5", "profile_name": "weather_pipeline", "target_name": "dev", "connection_name": "create_warehouse_main_marts"} */

    
    
        create schema if not exists "warehouse"."main_marts"
    
[0m13:41:40.749538 [debug] [ThreadPool]: SQL status: OK in 0.000 seconds
[0m13:41:40.749880 [debug] [ThreadPool]: On create_warehouse_main_marts: COMMIT
[0m13:41:40.749993 [debug] [ThreadPool]: Using duckdb connection "create_warehouse_main_marts"
[0m13:41:40.750094 [debug] [ThreadPool]: On create_warehouse_main_marts: COMMIT
[0m13:41:40.750246 [debug] [ThreadPool]: SQL status: OK in 0.000 seconds
[0m13:41:40.750354 [debug] [ThreadPool]: On create_warehouse_main_marts: Close
[0m13:41:40.750929 [debug] [ThreadPool]: Re-using an available connection from the pool (formerly create_warehouse_main_marts, now list_warehouse_main_staging)
[0m13:41:40.752959 [debug] [ThreadPool]: Using duckdb connection "list_warehouse_main_staging"
[0m13:41:40.753090 [debug] [ThreadPool]: On list_warehouse_main_staging: BEGIN
[0m13:41:40.753192 [debug] [ThreadPool]: Opening a new connection, currently in state closed
[0m13:41:40.753379 [debug] [ThreadPool]: SQL status: OK in 0.000 seconds
[0m13:41:40.753483 [debug] [ThreadPool]: Using duckdb connection "list_warehouse_main_staging"
[0m13:41:40.753590 [debug] [ThreadPool]: On list_warehouse_main_staging: /* {"app": "dbt", "dbt_version": "1.12.5", "profile_name": "weather_pipeline", "target_name": "dev", "connection_name": "list_warehouse_main_staging"} */
select
      'warehouse' as database,
      table_name as name,
      table_schema as schema,
      CASE table_type
        WHEN 'BASE TABLE' THEN 'table'
        WHEN 'VIEW' THEN 'view'
        WHEN 'LOCAL TEMPORARY' THEN 'table'
        END as type
    from system.information_schema.tables
    where lower(table_schema) = 'main_staging'
    and lower(table_catalog) = 'warehouse'
  
[0m13:41:40.755184 [debug] [ThreadPool]: SQL status: OK in 0.001 seconds
[0m13:41:40.756033 [debug] [ThreadPool]: On list_warehouse_main_staging: ROLLBACK
[0m13:41:40.756208 [debug] [ThreadPool]: On list_warehouse_main_staging: Close
[0m13:41:40.756421 [debug] [ThreadPool]: Re-using an available connection from the pool (formerly list_warehouse_main_staging, now list_warehouse_main_marts)
[0m13:41:40.757076 [debug] [ThreadPool]: Using duckdb connection "list_warehouse_main_marts"
[0m13:41:40.757194 [debug] [ThreadPool]: On list_warehouse_main_marts: BEGIN
[0m13:41:40.757293 [debug] [ThreadPool]: Opening a new connection, currently in state closed
[0m13:41:40.757473 [debug] [ThreadPool]: SQL status: OK in 0.000 seconds
[0m13:41:40.757577 [debug] [ThreadPool]: Using duckdb connection "list_warehouse_main_marts"
[0m13:41:40.757681 [debug] [ThreadPool]: On list_warehouse_main_marts: /* {"app": "dbt", "dbt_version": "1.12.5", "profile_name": "weather_pipeline", "target_name": "dev", "connection_name": "list_warehouse_main_marts"} */
select
      'warehouse' as database,
      table_name as name,
      table_schema as schema,
      CASE table_type
        WHEN 'BASE TABLE' THEN 'table'
        WHEN 'VIEW' THEN 'view'
        WHEN 'LOCAL TEMPORARY' THEN 'table'
        END as type
    from system.information_schema.tables
    where lower(table_schema) = 'main_marts'
    and lower(table_catalog) = 'warehouse'
  
[0m13:41:40.758362 [debug] [ThreadPool]: SQL status: OK in 0.001 seconds
[0m13:41:40.758829 [debug] [ThreadPool]: On list_warehouse_main_marts: ROLLBACK
[0m13:41:40.758989 [debug] [ThreadPool]: On list_warehouse_main_marts: Close
[0m13:41:40.759303 [debug] [MainThread]: Sending event: {'category': 'dbt', 'action': 'runnable_timing', 'label': '3a8af1a7-7ee5-4665-a00b-213be936fcfa', 'context': [<snowplow_tracker.self_describing_json.SelfDescribingJson object at 0x109f65c50>]}
[0m13:41:40.759510 [debug] [MainThread]: Using duckdb connection "master"
[0m13:41:40.759624 [debug] [MainThread]: On master: BEGIN
[0m13:41:40.759727 [debug] [MainThread]: Opening a new connection, currently in state init
[0m13:41:40.759901 [debug] [MainThread]: SQL status: OK in 0.000 seconds
[0m13:41:40.760012 [debug] [MainThread]: On master: COMMIT
[0m13:41:40.760111 [debug] [MainThread]: Using duckdb connection "master"
[0m13:41:40.760230 [debug] [MainThread]: On master: COMMIT
[0m13:41:40.760378 [debug] [MainThread]: SQL status: OK in 0.000 seconds
[0m13:41:40.760486 [debug] [MainThread]: On master: Close
[0m13:41:40.761729 [debug] [Thread-1 (]: Began running node model.weather_pipeline.stg_air_quality
[0m13:41:40.761944 [info ] [Thread-1 (]: 1 of 14 START sql view model main_staging.stg_air_quality ...................... [RUN]
[0m13:41:40.762134 [debug] [Thread-1 (]: Re-using an available connection from the pool (formerly list_warehouse_main_marts, now model.weather_pipeline.stg_air_quality)
[0m13:41:40.762268 [debug] [Thread-1 (]: Began compiling node model.weather_pipeline.stg_air_quality
[0m13:41:40.765011 [debug] [Thread-1 (]: Writing injected SQL for node "model.weather_pipeline.stg_air_quality"
[0m13:41:40.765363 [debug] [Thread-1 (]: Began executing node model.weather_pipeline.stg_air_quality
[0m13:41:40.778688 [debug] [Thread-1 (]: Writing runtime sql for node "model.weather_pipeline.stg_air_quality"
[0m13:41:40.779044 [debug] [Thread-1 (]: Using duckdb connection "model.weather_pipeline.stg_air_quality"
[0m13:41:40.779186 [debug] [Thread-1 (]: On model.weather_pipeline.stg_air_quality: BEGIN
[0m13:41:40.779310 [debug] [Thread-1 (]: Opening a new connection, currently in state closed
[0m13:41:40.779565 [debug] [Thread-1 (]: SQL status: OK in 0.000 seconds
[0m13:41:40.779689 [debug] [Thread-1 (]: Using duckdb connection "model.weather_pipeline.stg_air_quality"
[0m13:41:40.779832 [debug] [Thread-1 (]: On model.weather_pipeline.stg_air_quality: /* {"app": "dbt", "dbt_version": "1.12.5", "profile_name": "weather_pipeline", "target_name": "dev", "node_id": "model.weather_pipeline.stg_air_quality"} */

  
  create view "warehouse"."main_staging"."stg_air_quality__dbt_tmp" as (
    select
    city,
    ts,
    pm10   as pm10_ugm3,
    pm2_5  as pm25_ugm3,
    us_aqi as aqi
from "warehouse"."main"."raw_air_quality"
where us_aqi is not null or pm2_5 is not null
  );

[0m13:41:40.780106 [debug] [Thread-1 (]: SQL status: OK in 0.000 seconds
[0m13:41:40.782401 [debug] [Thread-1 (]: Using duckdb connection "model.weather_pipeline.stg_air_quality"
[0m13:41:40.782577 [debug] [Thread-1 (]: On model.weather_pipeline.stg_air_quality: /* {"app": "dbt", "dbt_version": "1.12.5", "profile_name": "weather_pipeline", "target_name": "dev", "node_id": "model.weather_pipeline.stg_air_quality"} */
alter view "warehouse"."main_staging"."stg_air_quality" rename to "stg_air_quality__dbt_backup"
[0m13:41:40.782859 [debug] [Thread-1 (]: SQL status: OK in 0.000 seconds
[0m13:41:40.783725 [debug] [Thread-1 (]: Using duckdb connection "model.weather_pipeline.stg_air_quality"
[0m13:41:40.783874 [debug] [Thread-1 (]: On model.weather_pipeline.stg_air_quality: /* {"app": "dbt", "dbt_version": "1.12.5", "profile_name": "weather_pipeline", "target_name": "dev", "node_id": "model.weather_pipeline.stg_air_quality"} */
alter view "warehouse"."main_staging"."stg_air_quality__dbt_tmp" rename to "stg_air_quality"
[0m13:41:40.784091 [debug] [Thread-1 (]: SQL status: OK in 0.000 seconds
[0m13:41:40.790094 [debug] [Thread-1 (]: On model.weather_pipeline.stg_air_quality: COMMIT
[0m13:41:40.790257 [debug] [Thread-1 (]: Using duckdb connection "model.weather_pipeline.stg_air_quality"
[0m13:41:40.790392 [debug] [Thread-1 (]: On model.weather_pipeline.stg_air_quality: COMMIT
[0m13:41:40.790879 [debug] [Thread-1 (]: SQL status: OK in 0.000 seconds
[0m13:41:40.793317 [debug] [Thread-1 (]: Using duckdb connection "model.weather_pipeline.stg_air_quality"
[0m13:41:40.793497 [debug] [Thread-1 (]: On model.weather_pipeline.stg_air_quality: /* {"app": "dbt", "dbt_version": "1.12.5", "profile_name": "weather_pipeline", "target_name": "dev", "node_id": "model.weather_pipeline.stg_air_quality"} */

      drop view if exists "warehouse"."main_staging"."stg_air_quality__dbt_backup" cascade
    
[0m13:41:40.798044 [debug] [Thread-1 (]: SQL status: OK in 0.000 seconds
[0m13:41:40.802266 [debug] [Thread-1 (]: On model.weather_pipeline.stg_air_quality: Close
[0m13:41:40.803569 [debug] [Thread-1 (]: Sending event: {'category': 'dbt', 'action': 'run_model', 'label': '3a8af1a7-7ee5-4665-a00b-213be936fcfa', 'context': [<snowplow_tracker.self_describing_json.SelfDescribingJson object at 0x10a386ea0>]}
[0m13:41:40.803948 [info ] [Thread-1 (]: 1 of 14 OK created sql view model main_staging.stg_air_quality ................. [[32mOK[0m in 0.04s]
[0m13:41:40.804233 [debug] [Thread-1 (]: Finished running node model.weather_pipeline.stg_air_quality
[0m13:41:40.804430 [debug] [Thread-1 (]: Began running node model.weather_pipeline.stg_weather
[0m13:41:40.804699 [info ] [Thread-1 (]: 2 of 14 START sql view model main_staging.stg_weather .......................... [RUN]
[0m13:41:40.805015 [debug] [Thread-1 (]: Re-using an available connection from the pool (formerly model.weather_pipeline.stg_air_quality, now model.weather_pipeline.stg_weather)
[0m13:41:40.805201 [debug] [Thread-1 (]: Began compiling node model.weather_pipeline.stg_weather
[0m13:41:40.806377 [debug] [Thread-1 (]: Writing injected SQL for node "model.weather_pipeline.stg_weather"
[0m13:41:40.807405 [debug] [Thread-1 (]: Began executing node model.weather_pipeline.stg_weather
[0m13:41:40.812727 [debug] [Thread-1 (]: Writing runtime sql for node "model.weather_pipeline.stg_weather"
[0m13:41:40.813984 [debug] [Thread-1 (]: Using duckdb connection "model.weather_pipeline.stg_weather"
[0m13:41:40.814281 [debug] [Thread-1 (]: On model.weather_pipeline.stg_weather: BEGIN
[0m13:41:40.814469 [debug] [Thread-1 (]: Opening a new connection, currently in state closed
[0m13:41:40.814825 [debug] [Thread-1 (]: SQL status: OK in 0.000 seconds
[0m13:41:40.814976 [debug] [Thread-1 (]: Using duckdb connection "model.weather_pipeline.stg_weather"
[0m13:41:40.815125 [debug] [Thread-1 (]: On model.weather_pipeline.stg_weather: /* {"app": "dbt", "dbt_version": "1.12.5", "profile_name": "weather_pipeline", "target_name": "dev", "node_id": "model.weather_pipeline.stg_weather"} */

  
  create view "warehouse"."main_staging"."stg_weather__dbt_tmp" as (
    select
    city,
    ts,
    temperature_2m      as temperature_c,
    relative_humidity_2m as humidity_pct,
    precipitation       as precipitation_mm,
    wind_speed_10m      as wind_kmh
from "warehouse"."main"."raw_weather"
where temperature_2m is not null
  );

[0m13:41:40.815520 [debug] [Thread-1 (]: SQL status: OK in 0.000 seconds
[0m13:41:40.816798 [debug] [Thread-1 (]: Using duckdb connection "model.weather_pipeline.stg_weather"
[0m13:41:40.816968 [debug] [Thread-1 (]: On model.weather_pipeline.stg_weather: /* {"app": "dbt", "dbt_version": "1.12.5", "profile_name": "weather_pipeline", "target_name": "dev", "node_id": "model.weather_pipeline.stg_weather"} */
alter view "warehouse"."main_staging"."stg_weather" rename to "stg_weather__dbt_backup"
[0m13:41:40.817281 [debug] [Thread-1 (]: SQL status: OK in 0.000 seconds
[0m13:41:40.818359 [debug] [Thread-1 (]: Using duckdb connection "model.weather_pipeline.stg_weather"
[0m13:41:40.818515 [debug] [Thread-1 (]: On model.weather_pipeline.stg_weather: /* {"app": "dbt", "dbt_version": "1.12.5", "profile_name": "weather_pipeline", "target_name": "dev", "node_id": "model.weather_pipeline.stg_weather"} */
alter view "warehouse"."main_staging"."stg_weather__dbt_tmp" rename to "stg_weather"
[0m13:41:40.818924 [debug] [Thread-1 (]: SQL status: OK in 0.000 seconds
[0m13:41:40.821647 [debug] [Thread-1 (]: On model.weather_pipeline.stg_weather: COMMIT
[0m13:41:40.822358 [debug] [Thread-1 (]: Using duckdb connection "model.weather_pipeline.stg_weather"
[0m13:41:40.822545 [debug] [Thread-1 (]: On model.weather_pipeline.stg_weather: COMMIT
[0m13:41:40.823268 [debug] [Thread-1 (]: SQL status: OK in 0.001 seconds
[0m13:41:40.824311 [debug] [Thread-1 (]: Using duckdb connection "model.weather_pipeline.stg_weather"
[0m13:41:40.824493 [debug] [Thread-1 (]: On model.weather_pipeline.stg_weather: /* {"app": "dbt", "dbt_version": "1.12.5", "profile_name": "weather_pipeline", "target_name": "dev", "node_id": "model.weather_pipeline.stg_weather"} */

      drop view if exists "warehouse"."main_staging"."stg_weather__dbt_backup" cascade
    
[0m13:41:40.824935 [debug] [Thread-1 (]: SQL status: OK in 0.000 seconds
[0m13:41:40.825676 [debug] [Thread-1 (]: On model.weather_pipeline.stg_weather: Close
[0m13:41:40.825966 [debug] [Thread-1 (]: Sending event: {'category': 'dbt', 'action': 'run_model', 'label': '3a8af1a7-7ee5-4665-a00b-213be936fcfa', 'context': [<snowplow_tracker.self_describing_json.SelfDescribingJson object at 0x109f47d10>]}
[0m13:41:40.826283 [info ] [Thread-1 (]: 2 of 14 OK created sql view model main_staging.stg_weather ..................... [[32mOK[0m in 0.02s]
[0m13:41:40.826530 [debug] [Thread-1 (]: Finished running node model.weather_pipeline.stg_weather
[0m13:41:40.826712 [debug] [Thread-1 (]: Began running node test.weather_pipeline.not_null_stg_air_quality_city.2c545f7064
[0m13:41:40.826923 [info ] [Thread-1 (]: 3 of 14 START test not_null_stg_air_quality_city ............................... [RUN]
[0m13:41:40.827458 [debug] [Thread-1 (]: Re-using an available connection from the pool (formerly model.weather_pipeline.stg_weather, now test.weather_pipeline.not_null_stg_air_quality_city.2c545f7064)
[0m13:41:40.827664 [debug] [Thread-1 (]: Began compiling node test.weather_pipeline.not_null_stg_air_quality_city.2c545f7064
[0m13:41:40.834905 [debug] [Thread-1 (]: Writing injected SQL for node "test.weather_pipeline.not_null_stg_air_quality_city.2c545f7064"
[0m13:41:40.835296 [debug] [Thread-1 (]: Began executing node test.weather_pipeline.not_null_stg_air_quality_city.2c545f7064
[0m13:41:40.843686 [debug] [Thread-1 (]: Writing runtime sql for node "test.weather_pipeline.not_null_stg_air_quality_city.2c545f7064"
[0m13:41:40.844100 [debug] [Thread-1 (]: Using duckdb connection "test.weather_pipeline.not_null_stg_air_quality_city.2c545f7064"
[0m13:41:40.844266 [debug] [Thread-1 (]: On test.weather_pipeline.not_null_stg_air_quality_city.2c545f7064: BEGIN
[0m13:41:40.844408 [debug] [Thread-1 (]: Opening a new connection, currently in state closed
[0m13:41:40.845191 [debug] [Thread-1 (]: SQL status: OK in 0.001 seconds
[0m13:41:40.846749 [debug] [Thread-1 (]: Using duckdb connection "test.weather_pipeline.not_null_stg_air_quality_city.2c545f7064"
[0m13:41:40.846931 [debug] [Thread-1 (]: On test.weather_pipeline.not_null_stg_air_quality_city.2c545f7064: /* {"app": "dbt", "dbt_version": "1.12.5", "profile_name": "weather_pipeline", "target_name": "dev", "node_id": "test.weather_pipeline.not_null_stg_air_quality_city.2c545f7064"} */

    
    select
      count(*) as failures,
      count(*) != 0 as should_warn,
      count(*) != 0 as should_error
    from (
      
    
  
    
    



select city
from "warehouse"."main_staging"."stg_air_quality"
where city is null



  
  
      
    ) dbt_internal_test
[0m13:41:40.847631 [debug] [Thread-1 (]: SQL status: OK in 0.001 seconds
[0m13:41:40.849681 [debug] [Thread-1 (]: On test.weather_pipeline.not_null_stg_air_quality_city.2c545f7064: ROLLBACK
[0m13:41:40.849941 [debug] [Thread-1 (]: On test.weather_pipeline.not_null_stg_air_quality_city.2c545f7064: Close
[0m13:41:40.850219 [info ] [Thread-1 (]: 3 of 14 PASS not_null_stg_air_quality_city ..................................... [[32mPASS[0m in 0.02s]
[0m13:41:40.850458 [debug] [Thread-1 (]: Finished running node test.weather_pipeline.not_null_stg_air_quality_city.2c545f7064
[0m13:41:40.850622 [debug] [Thread-1 (]: Began running node test.weather_pipeline.not_null_stg_air_quality_ts.6e96156eb6
[0m13:41:40.850790 [info ] [Thread-1 (]: 4 of 14 START test not_null_stg_air_quality_ts ................................. [RUN]
[0m13:41:40.850967 [debug] [Thread-1 (]: Re-using an available connection from the pool (formerly test.weather_pipeline.not_null_stg_air_quality_city.2c545f7064, now test.weather_pipeline.not_null_stg_air_quality_ts.6e96156eb6)
[0m13:41:40.851104 [debug] [Thread-1 (]: Began compiling node test.weather_pipeline.not_null_stg_air_quality_ts.6e96156eb6
[0m13:41:40.854527 [debug] [Thread-1 (]: Writing injected SQL for node "test.weather_pipeline.not_null_stg_air_quality_ts.6e96156eb6"
[0m13:41:40.855232 [debug] [Thread-1 (]: Began executing node test.weather_pipeline.not_null_stg_air_quality_ts.6e96156eb6
[0m13:41:40.856061 [debug] [Thread-1 (]: Writing runtime sql for node "test.weather_pipeline.not_null_stg_air_quality_ts.6e96156eb6"
[0m13:41:40.856577 [debug] [Thread-1 (]: Using duckdb connection "test.weather_pipeline.not_null_stg_air_quality_ts.6e96156eb6"
[0m13:41:40.856734 [debug] [Thread-1 (]: On test.weather_pipeline.not_null_stg_air_quality_ts.6e96156eb6: BEGIN
[0m13:41:40.856872 [debug] [Thread-1 (]: Opening a new connection, currently in state closed
[0m13:41:40.857123 [debug] [Thread-1 (]: SQL status: OK in 0.000 seconds
[0m13:41:40.857260 [debug] [Thread-1 (]: Using duckdb connection "test.weather_pipeline.not_null_stg_air_quality_ts.6e96156eb6"
[0m13:41:40.857402 [debug] [Thread-1 (]: On test.weather_pipeline.not_null_stg_air_quality_ts.6e96156eb6: /* {"app": "dbt", "dbt_version": "1.12.5", "profile_name": "weather_pipeline", "target_name": "dev", "node_id": "test.weather_pipeline.not_null_stg_air_quality_ts.6e96156eb6"} */

    
    select
      count(*) as failures,
      count(*) != 0 as should_warn,
      count(*) != 0 as should_error
    from (
      
    
  
    
    



select ts
from "warehouse"."main_staging"."stg_air_quality"
where ts is null



  
  
      
    ) dbt_internal_test
[0m13:41:40.857848 [debug] [Thread-1 (]: SQL status: OK in 0.000 seconds
[0m13:41:40.858539 [debug] [Thread-1 (]: On test.weather_pipeline.not_null_stg_air_quality_ts.6e96156eb6: ROLLBACK
[0m13:41:40.858765 [debug] [Thread-1 (]: On test.weather_pipeline.not_null_stg_air_quality_ts.6e96156eb6: Close
[0m13:41:40.859012 [info ] [Thread-1 (]: 4 of 14 PASS not_null_stg_air_quality_ts ....................................... [[32mPASS[0m in 0.01s]
[0m13:41:40.859244 [debug] [Thread-1 (]: Finished running node test.weather_pipeline.not_null_stg_air_quality_ts.6e96156eb6
[0m13:41:40.859409 [debug] [Thread-1 (]: Began running node test.weather_pipeline.assert_humidity_in_range
[0m13:41:40.859572 [info ] [Thread-1 (]: 5 of 14 START test assert_humidity_in_range .................................... [RUN]
[0m13:41:40.859742 [debug] [Thread-1 (]: Re-using an available connection from the pool (formerly test.weather_pipeline.not_null_stg_air_quality_ts.6e96156eb6, now test.weather_pipeline.assert_humidity_in_range)
[0m13:41:40.859879 [debug] [Thread-1 (]: Began compiling node test.weather_pipeline.assert_humidity_in_range
[0m13:41:40.860650 [debug] [Thread-1 (]: Writing injected SQL for node "test.weather_pipeline.assert_humidity_in_range"
[0m13:41:40.860971 [debug] [Thread-1 (]: Began executing node test.weather_pipeline.assert_humidity_in_range
[0m13:41:40.861784 [debug] [Thread-1 (]: Writing runtime sql for node "test.weather_pipeline.assert_humidity_in_range"
[0m13:41:40.862151 [debug] [Thread-1 (]: Using duckdb connection "test.weather_pipeline.assert_humidity_in_range"
[0m13:41:40.862302 [debug] [Thread-1 (]: On test.weather_pipeline.assert_humidity_in_range: BEGIN
[0m13:41:40.862438 [debug] [Thread-1 (]: Opening a new connection, currently in state closed
[0m13:41:40.862673 [debug] [Thread-1 (]: SQL status: OK in 0.000 seconds
[0m13:41:40.862825 [debug] [Thread-1 (]: Using duckdb connection "test.weather_pipeline.assert_humidity_in_range"
[0m13:41:40.862971 [debug] [Thread-1 (]: On test.weather_pipeline.assert_humidity_in_range: /* {"app": "dbt", "dbt_version": "1.12.5", "profile_name": "weather_pipeline", "target_name": "dev", "node_id": "test.weather_pipeline.assert_humidity_in_range"} */

    
    select
      count(*) as failures,
      count(*) != 0 as should_warn,
      count(*) != 0 as should_error
    from (
      
    
  -- Fails for any row with humidity outside 0-100 %.
select *
from "warehouse"."main_staging"."stg_weather"
where humidity_pct < 0 or humidity_pct > 100
  
  
      
    ) dbt_internal_test
[0m13:41:40.863445 [debug] [Thread-1 (]: SQL status: OK in 0.000 seconds
[0m13:41:40.864111 [debug] [Thread-1 (]: On test.weather_pipeline.assert_humidity_in_range: ROLLBACK
[0m13:41:40.864331 [debug] [Thread-1 (]: On test.weather_pipeline.assert_humidity_in_range: Close
[0m13:41:40.864575 [info ] [Thread-1 (]: 5 of 14 PASS assert_humidity_in_range .......................................... [[32mPASS[0m in 0.00s]
[0m13:41:40.864805 [debug] [Thread-1 (]: Finished running node test.weather_pipeline.assert_humidity_in_range
[0m13:41:40.864974 [debug] [Thread-1 (]: Began running node test.weather_pipeline.assert_stg_weather_unique_city_ts
[0m13:41:40.865152 [info ] [Thread-1 (]: 6 of 14 START test assert_stg_weather_unique_city_ts ........................... [RUN]
[0m13:41:40.865344 [debug] [Thread-1 (]: Re-using an available connection from the pool (formerly test.weather_pipeline.assert_humidity_in_range, now test.weather_pipeline.assert_stg_weather_unique_city_ts)
[0m13:41:40.865491 [debug] [Thread-1 (]: Began compiling node test.weather_pipeline.assert_stg_weather_unique_city_ts
[0m13:41:40.866250 [debug] [Thread-1 (]: Writing injected SQL for node "test.weather_pipeline.assert_stg_weather_unique_city_ts"
[0m13:41:40.866545 [debug] [Thread-1 (]: Began executing node test.weather_pipeline.assert_stg_weather_unique_city_ts
[0m13:41:40.867222 [debug] [Thread-1 (]: Writing runtime sql for node "test.weather_pipeline.assert_stg_weather_unique_city_ts"
[0m13:41:40.867542 [debug] [Thread-1 (]: Using duckdb connection "test.weather_pipeline.assert_stg_weather_unique_city_ts"
[0m13:41:40.867678 [debug] [Thread-1 (]: On test.weather_pipeline.assert_stg_weather_unique_city_ts: BEGIN
[0m13:41:40.867811 [debug] [Thread-1 (]: Opening a new connection, currently in state closed
[0m13:41:40.868014 [debug] [Thread-1 (]: SQL status: OK in 0.000 seconds
[0m13:41:40.868148 [debug] [Thread-1 (]: Using duckdb connection "test.weather_pipeline.assert_stg_weather_unique_city_ts"
[0m13:41:40.868287 [debug] [Thread-1 (]: On test.weather_pipeline.assert_stg_weather_unique_city_ts: /* {"app": "dbt", "dbt_version": "1.12.5", "profile_name": "weather_pipeline", "target_name": "dev", "node_id": "test.weather_pipeline.assert_stg_weather_unique_city_ts"} */

    
    select
      count(*) as failures,
      count(*) != 0 as should_warn,
      count(*) != 0 as should_error
    from (
      
    
  -- Fails if any (city, ts) appears more than once.
select city, ts, count(*) as n
from "warehouse"."main_staging"."stg_weather"
group by city, ts
having count(*) > 1
  
  
      
    ) dbt_internal_test
[0m13:41:40.869510 [debug] [Thread-1 (]: SQL status: OK in 0.001 seconds
[0m13:41:40.870138 [debug] [Thread-1 (]: On test.weather_pipeline.assert_stg_weather_unique_city_ts: ROLLBACK
[0m13:41:40.870804 [debug] [Thread-1 (]: On test.weather_pipeline.assert_stg_weather_unique_city_ts: Close
[0m13:41:40.871037 [info ] [Thread-1 (]: 6 of 14 PASS assert_stg_weather_unique_city_ts ................................. [[32mPASS[0m in 0.01s]
[0m13:41:40.871260 [debug] [Thread-1 (]: Finished running node test.weather_pipeline.assert_stg_weather_unique_city_ts
[0m13:41:40.871445 [debug] [Thread-1 (]: Began running node test.weather_pipeline.assert_temperature_plausible
[0m13:41:40.871599 [info ] [Thread-1 (]: 7 of 14 START test assert_temperature_plausible ................................ [RUN]
[0m13:41:40.871763 [debug] [Thread-1 (]: Re-using an available connection from the pool (formerly test.weather_pipeline.assert_stg_weather_unique_city_ts, now test.weather_pipeline.assert_temperature_plausible)
[0m13:41:40.874399 [debug] [Thread-1 (]: Began compiling node test.weather_pipeline.assert_temperature_plausible
[0m13:41:40.875165 [debug] [Thread-1 (]: Writing injected SQL for node "test.weather_pipeline.assert_temperature_plausible"
[0m13:41:40.875518 [debug] [Thread-1 (]: Began executing node test.weather_pipeline.assert_temperature_plausible
[0m13:41:40.876498 [debug] [Thread-1 (]: Writing runtime sql for node "test.weather_pipeline.assert_temperature_plausible"
[0m13:41:40.876780 [debug] [Thread-1 (]: Using duckdb connection "test.weather_pipeline.assert_temperature_plausible"
[0m13:41:40.876919 [debug] [Thread-1 (]: On test.weather_pipeline.assert_temperature_plausible: BEGIN
[0m13:41:40.877038 [debug] [Thread-1 (]: Opening a new connection, currently in state closed
[0m13:41:40.877252 [debug] [Thread-1 (]: SQL status: OK in 0.000 seconds
[0m13:41:40.877384 [debug] [Thread-1 (]: Using duckdb connection "test.weather_pipeline.assert_temperature_plausible"
[0m13:41:40.877514 [debug] [Thread-1 (]: On test.weather_pipeline.assert_temperature_plausible: /* {"app": "dbt", "dbt_version": "1.12.5", "profile_name": "weather_pipeline", "target_name": "dev", "node_id": "test.weather_pipeline.assert_temperature_plausible"} */

    
    select
      count(*) as failures,
      count(*) != 0 as should_warn,
      count(*) != 0 as should_error
    from (
      
    
  -- Fails for physically implausible temperatures (deg C).
select *
from "warehouse"."main_staging"."stg_weather"
where temperature_c < -60 or temperature_c > 60
  
  
      
    ) dbt_internal_test
[0m13:41:40.877939 [debug] [Thread-1 (]: SQL status: OK in 0.000 seconds
[0m13:41:40.878823 [debug] [Thread-1 (]: On test.weather_pipeline.assert_temperature_plausible: ROLLBACK
[0m13:41:40.879041 [debug] [Thread-1 (]: On test.weather_pipeline.assert_temperature_plausible: Close
[0m13:41:40.879281 [info ] [Thread-1 (]: 7 of 14 PASS assert_temperature_plausible ...................................... [[32mPASS[0m in 0.01s]
[0m13:41:40.879513 [debug] [Thread-1 (]: Finished running node test.weather_pipeline.assert_temperature_plausible
[0m13:41:40.879676 [debug] [Thread-1 (]: Began running node test.weather_pipeline.not_null_stg_weather_city.c03e0c0127
[0m13:41:40.879861 [info ] [Thread-1 (]: 8 of 14 START test not_null_stg_weather_city ................................... [RUN]
[0m13:41:40.880077 [debug] [Thread-1 (]: Re-using an available connection from the pool (formerly test.weather_pipeline.assert_temperature_plausible, now test.weather_pipeline.not_null_stg_weather_city.c03e0c0127)
[0m13:41:40.880228 [debug] [Thread-1 (]: Began compiling node test.weather_pipeline.not_null_stg_weather_city.c03e0c0127
[0m13:41:40.883116 [debug] [Thread-1 (]: Writing injected SQL for node "test.weather_pipeline.not_null_stg_weather_city.c03e0c0127"
[0m13:41:40.883468 [debug] [Thread-1 (]: Began executing node test.weather_pipeline.not_null_stg_weather_city.c03e0c0127
[0m13:41:40.884156 [debug] [Thread-1 (]: Writing runtime sql for node "test.weather_pipeline.not_null_stg_weather_city.c03e0c0127"
[0m13:41:40.884482 [debug] [Thread-1 (]: Using duckdb connection "test.weather_pipeline.not_null_stg_weather_city.c03e0c0127"
[0m13:41:40.884623 [debug] [Thread-1 (]: On test.weather_pipeline.not_null_stg_weather_city.c03e0c0127: BEGIN
[0m13:41:40.884748 [debug] [Thread-1 (]: Opening a new connection, currently in state closed
[0m13:41:40.884960 [debug] [Thread-1 (]: SQL status: OK in 0.000 seconds
[0m13:41:40.885095 [debug] [Thread-1 (]: Using duckdb connection "test.weather_pipeline.not_null_stg_weather_city.c03e0c0127"
[0m13:41:40.885227 [debug] [Thread-1 (]: On test.weather_pipeline.not_null_stg_weather_city.c03e0c0127: /* {"app": "dbt", "dbt_version": "1.12.5", "profile_name": "weather_pipeline", "target_name": "dev", "node_id": "test.weather_pipeline.not_null_stg_weather_city.c03e0c0127"} */

    
    select
      count(*) as failures,
      count(*) != 0 as should_warn,
      count(*) != 0 as should_error
    from (
      
    
  
    
    



select city
from "warehouse"."main_staging"."stg_weather"
where city is null



  
  
      
    ) dbt_internal_test
[0m13:41:40.885632 [debug] [Thread-1 (]: SQL status: OK in 0.000 seconds
[0m13:41:40.886283 [debug] [Thread-1 (]: On test.weather_pipeline.not_null_stg_weather_city.c03e0c0127: ROLLBACK
[0m13:41:40.886481 [debug] [Thread-1 (]: On test.weather_pipeline.not_null_stg_weather_city.c03e0c0127: Close
[0m13:41:40.886710 [info ] [Thread-1 (]: 8 of 14 PASS not_null_stg_weather_city ......................................... [[32mPASS[0m in 0.01s]
[0m13:41:40.886923 [debug] [Thread-1 (]: Finished running node test.weather_pipeline.not_null_stg_weather_city.c03e0c0127
[0m13:41:40.887080 [debug] [Thread-1 (]: Began running node test.weather_pipeline.not_null_stg_weather_temperature_c.3a7a09f65f
[0m13:41:40.887218 [info ] [Thread-1 (]: 9 of 14 START test not_null_stg_weather_temperature_c .......................... [RUN]
[0m13:41:40.887430 [debug] [Thread-1 (]: Re-using an available connection from the pool (formerly test.weather_pipeline.not_null_stg_weather_city.c03e0c0127, now test.weather_pipeline.not_null_stg_weather_temperature_c.3a7a09f65f)
[0m13:41:40.887607 [debug] [Thread-1 (]: Began compiling node test.weather_pipeline.not_null_stg_weather_temperature_c.3a7a09f65f
[0m13:41:40.890456 [debug] [Thread-1 (]: Writing injected SQL for node "test.weather_pipeline.not_null_stg_weather_temperature_c.3a7a09f65f"
[0m13:41:40.890804 [debug] [Thread-1 (]: Began executing node test.weather_pipeline.not_null_stg_weather_temperature_c.3a7a09f65f
[0m13:41:40.891495 [debug] [Thread-1 (]: Writing runtime sql for node "test.weather_pipeline.not_null_stg_weather_temperature_c.3a7a09f65f"
[0m13:41:40.891805 [debug] [Thread-1 (]: Using duckdb connection "test.weather_pipeline.not_null_stg_weather_temperature_c.3a7a09f65f"
[0m13:41:40.891947 [debug] [Thread-1 (]: On test.weather_pipeline.not_null_stg_weather_temperature_c.3a7a09f65f: BEGIN
[0m13:41:40.892074 [debug] [Thread-1 (]: Opening a new connection, currently in state closed
[0m13:41:40.892286 [debug] [Thread-1 (]: SQL status: OK in 0.000 seconds
[0m13:41:40.892420 [debug] [Thread-1 (]: Using duckdb connection "test.weather_pipeline.not_null_stg_weather_temperature_c.3a7a09f65f"
[0m13:41:40.892565 [debug] [Thread-1 (]: On test.weather_pipeline.not_null_stg_weather_temperature_c.3a7a09f65f: /* {"app": "dbt", "dbt_version": "1.12.5", "profile_name": "weather_pipeline", "target_name": "dev", "node_id": "test.weather_pipeline.not_null_stg_weather_temperature_c.3a7a09f65f"} */

    
    select
      count(*) as failures,
      count(*) != 0 as should_warn,
      count(*) != 0 as should_error
    from (
      
    
  
    
    



select temperature_c
from "warehouse"."main_staging"."stg_weather"
where temperature_c is null



  
  
      
    ) dbt_internal_test
[0m13:41:40.892987 [debug] [Thread-1 (]: SQL status: OK in 0.000 seconds
[0m13:41:40.893608 [debug] [Thread-1 (]: On test.weather_pipeline.not_null_stg_weather_temperature_c.3a7a09f65f: ROLLBACK
[0m13:41:40.893809 [debug] [Thread-1 (]: On test.weather_pipeline.not_null_stg_weather_temperature_c.3a7a09f65f: Close
[0m13:41:40.894037 [info ] [Thread-1 (]: 9 of 14 PASS not_null_stg_weather_temperature_c ................................ [[32mPASS[0m in 0.01s]
[0m13:41:40.894258 [debug] [Thread-1 (]: Finished running node test.weather_pipeline.not_null_stg_weather_temperature_c.3a7a09f65f
[0m13:41:40.894433 [debug] [Thread-1 (]: Began running node test.weather_pipeline.not_null_stg_weather_ts.4f82cf9d8b
[0m13:41:40.894639 [info ] [Thread-1 (]: 10 of 14 START test not_null_stg_weather_ts .................................... [RUN]
[0m13:41:40.894971 [debug] [Thread-1 (]: Re-using an available connection from the pool (formerly test.weather_pipeline.not_null_stg_weather_temperature_c.3a7a09f65f, now test.weather_pipeline.not_null_stg_weather_ts.4f82cf9d8b)
[0m13:41:40.895117 [debug] [Thread-1 (]: Began compiling node test.weather_pipeline.not_null_stg_weather_ts.4f82cf9d8b
[0m13:41:40.898356 [debug] [Thread-1 (]: Writing injected SQL for node "test.weather_pipeline.not_null_stg_weather_ts.4f82cf9d8b"
[0m13:41:40.898688 [debug] [Thread-1 (]: Began executing node test.weather_pipeline.not_null_stg_weather_ts.4f82cf9d8b
[0m13:41:40.899392 [debug] [Thread-1 (]: Writing runtime sql for node "test.weather_pipeline.not_null_stg_weather_ts.4f82cf9d8b"
[0m13:41:40.899700 [debug] [Thread-1 (]: Using duckdb connection "test.weather_pipeline.not_null_stg_weather_ts.4f82cf9d8b"
[0m13:41:40.899846 [debug] [Thread-1 (]: On test.weather_pipeline.not_null_stg_weather_ts.4f82cf9d8b: BEGIN
[0m13:41:40.899974 [debug] [Thread-1 (]: Opening a new connection, currently in state closed
[0m13:41:40.900205 [debug] [Thread-1 (]: SQL status: OK in 0.000 seconds
[0m13:41:40.900339 [debug] [Thread-1 (]: Using duckdb connection "test.weather_pipeline.not_null_stg_weather_ts.4f82cf9d8b"
[0m13:41:40.900471 [debug] [Thread-1 (]: On test.weather_pipeline.not_null_stg_weather_ts.4f82cf9d8b: /* {"app": "dbt", "dbt_version": "1.12.5", "profile_name": "weather_pipeline", "target_name": "dev", "node_id": "test.weather_pipeline.not_null_stg_weather_ts.4f82cf9d8b"} */

    
    select
      count(*) as failures,
      count(*) != 0 as should_warn,
      count(*) != 0 as should_error
    from (
      
    
  
    
    



select ts
from "warehouse"."main_staging"."stg_weather"
where ts is null



  
  
      
    ) dbt_internal_test
[0m13:41:40.900871 [debug] [Thread-1 (]: SQL status: OK in 0.000 seconds
[0m13:41:40.901539 [debug] [Thread-1 (]: On test.weather_pipeline.not_null_stg_weather_ts.4f82cf9d8b: ROLLBACK
[0m13:41:40.901766 [debug] [Thread-1 (]: On test.weather_pipeline.not_null_stg_weather_ts.4f82cf9d8b: Close
[0m13:41:40.902011 [info ] [Thread-1 (]: 10 of 14 PASS not_null_stg_weather_ts .......................................... [[32mPASS[0m in 0.01s]
[0m13:41:40.902240 [debug] [Thread-1 (]: Finished running node test.weather_pipeline.not_null_stg_weather_ts.4f82cf9d8b
[0m13:41:40.902544 [debug] [Thread-1 (]: Began running node model.weather_pipeline.daily_city_metrics
[0m13:41:40.902784 [info ] [Thread-1 (]: 11 of 14 START sql table model main_marts.daily_city_metrics ................... [RUN]
[0m13:41:40.902982 [debug] [Thread-1 (]: Re-using an available connection from the pool (formerly test.weather_pipeline.not_null_stg_weather_ts.4f82cf9d8b, now model.weather_pipeline.daily_city_metrics)
[0m13:41:40.903124 [debug] [Thread-1 (]: Began compiling node model.weather_pipeline.daily_city_metrics
[0m13:41:40.904034 [debug] [Thread-1 (]: Writing injected SQL for node "model.weather_pipeline.daily_city_metrics"
[0m13:41:40.904393 [debug] [Thread-1 (]: Began executing node model.weather_pipeline.daily_city_metrics
[0m13:41:40.924056 [debug] [Thread-1 (]: Writing runtime sql for node "model.weather_pipeline.daily_city_metrics"
[0m13:41:40.924481 [debug] [Thread-1 (]: Using duckdb connection "model.weather_pipeline.daily_city_metrics"
[0m13:41:40.924645 [debug] [Thread-1 (]: On model.weather_pipeline.daily_city_metrics: BEGIN
[0m13:41:40.924773 [debug] [Thread-1 (]: Opening a new connection, currently in state closed
[0m13:41:40.925036 [debug] [Thread-1 (]: SQL status: OK in 0.000 seconds
[0m13:41:40.925160 [debug] [Thread-1 (]: Using duckdb connection "model.weather_pipeline.daily_city_metrics"
[0m13:41:40.925307 [debug] [Thread-1 (]: On model.weather_pipeline.daily_city_metrics: /* {"app": "dbt", "dbt_version": "1.12.5", "profile_name": "weather_pipeline", "target_name": "dev", "node_id": "model.weather_pipeline.daily_city_metrics"} */

    

    create  table
      "warehouse"."main_marts"."daily_city_metrics__dbt_tmp"
  
    
    as (
      with joined as (
    select
        w.city,
        cast(w.ts as date) as date,
        w.temperature_c,
        w.humidity_pct,
        w.precipitation_mm,
        w.wind_kmh,
        a.pm25_ugm3,
        a.aqi
    from "warehouse"."main_staging"."stg_weather" w
    left join "warehouse"."main_staging"."stg_air_quality" a
        on w.city = a.city and w.ts = a.ts
)

select
    city,
    date,
    round(avg(temperature_c), 1)  as avg_temp_c,
    max(temperature_c)            as max_temp_c,
    min(temperature_c)            as min_temp_c,
    round(avg(humidity_pct), 1)   as avg_humidity_pct,
    round(sum(precipitation_mm), 1) as total_precip_mm,
    round(avg(wind_kmh), 1)       as avg_wind_kmh,
    round(avg(pm25_ugm3), 1)      as avg_pm25_ugm3,
    max(aqi)                      as max_aqi,
    max(temperature_c) >= 35      as is_hot_day,
    case
        when max(aqi) is null then 'unknown'
        when max(aqi) <= 50  then 'good'
        when max(aqi) <= 100 then 'moderate'
        when max(aqi) <= 150 then 'unhealthy for sensitive groups'
        else 'unhealthy'
    end as aqi_category,
    count(*) as hours_observed
from joined
group by city, date
    );
    
  
[0m13:41:40.928319 [debug] [Thread-1 (]: SQL status: OK in 0.003 seconds
[0m13:41:40.930744 [debug] [Thread-1 (]: Using duckdb connection "model.weather_pipeline.daily_city_metrics"
[0m13:41:40.930932 [debug] [Thread-1 (]: On model.weather_pipeline.daily_city_metrics: /* {"app": "dbt", "dbt_version": "1.12.5", "profile_name": "weather_pipeline", "target_name": "dev", "node_id": "model.weather_pipeline.daily_city_metrics"} */

    SELECT index_name
    FROM duckdb_indexes()
    WHERE database_name = 'warehouse'
      AND schema_name = 'main_marts'
      AND table_name = 'daily_city_metrics'
  
[0m13:41:40.931343 [debug] [Thread-1 (]: SQL status: OK in 0.000 seconds
[0m13:41:40.932440 [debug] [Thread-1 (]: Using duckdb connection "model.weather_pipeline.daily_city_metrics"
[0m13:41:40.932582 [debug] [Thread-1 (]: On model.weather_pipeline.daily_city_metrics: /* {"app": "dbt", "dbt_version": "1.12.5", "profile_name": "weather_pipeline", "target_name": "dev", "node_id": "model.weather_pipeline.daily_city_metrics"} */
alter table "warehouse"."main_marts"."daily_city_metrics" rename to "daily_city_metrics__dbt_backup"
[0m13:41:40.932834 [debug] [Thread-1 (]: SQL status: OK in 0.000 seconds
[0m13:41:40.933672 [debug] [Thread-1 (]: Using duckdb connection "model.weather_pipeline.daily_city_metrics"
[0m13:41:40.933805 [debug] [Thread-1 (]: On model.weather_pipeline.daily_city_metrics: /* {"app": "dbt", "dbt_version": "1.12.5", "profile_name": "weather_pipeline", "target_name": "dev", "node_id": "model.weather_pipeline.daily_city_metrics"} */
alter table "warehouse"."main_marts"."daily_city_metrics__dbt_tmp" rename to "daily_city_metrics"
[0m13:41:40.934020 [debug] [Thread-1 (]: SQL status: OK in 0.000 seconds
[0m13:41:40.936196 [debug] [Thread-1 (]: On model.weather_pipeline.daily_city_metrics: COMMIT
[0m13:41:40.936346 [debug] [Thread-1 (]: Using duckdb connection "model.weather_pipeline.daily_city_metrics"
[0m13:41:40.936472 [debug] [Thread-1 (]: On model.weather_pipeline.daily_city_metrics: COMMIT
[0m13:41:40.936978 [debug] [Thread-1 (]: SQL status: OK in 0.000 seconds
[0m13:41:40.937587 [debug] [Thread-1 (]: Using duckdb connection "model.weather_pipeline.daily_city_metrics"
[0m13:41:40.937720 [debug] [Thread-1 (]: On model.weather_pipeline.daily_city_metrics: /* {"app": "dbt", "dbt_version": "1.12.5", "profile_name": "weather_pipeline", "target_name": "dev", "node_id": "model.weather_pipeline.daily_city_metrics"} */

      drop table if exists "warehouse"."main_marts"."daily_city_metrics__dbt_backup" cascade
    
[0m13:41:40.938044 [debug] [Thread-1 (]: SQL status: OK in 0.000 seconds
[0m13:41:40.938584 [debug] [Thread-1 (]: On model.weather_pipeline.daily_city_metrics: Close
[0m13:41:40.938822 [debug] [Thread-1 (]: Sending event: {'category': 'dbt', 'action': 'run_model', 'label': '3a8af1a7-7ee5-4665-a00b-213be936fcfa', 'context': [<snowplow_tracker.self_describing_json.SelfDescribingJson object at 0x109f831d0>]}
[0m13:41:40.939083 [info ] [Thread-1 (]: 11 of 14 OK created sql table model main_marts.daily_city_metrics .............. [[32mOK[0m in 0.04s]
[0m13:41:40.939310 [debug] [Thread-1 (]: Finished running node model.weather_pipeline.daily_city_metrics
[0m13:41:40.939644 [debug] [Thread-1 (]: Began running node test.weather_pipeline.not_null_daily_city_metrics_city.959f0c8a13
[0m13:41:40.939866 [info ] [Thread-1 (]: 12 of 14 START test not_null_daily_city_metrics_city ........................... [RUN]
[0m13:41:40.940072 [debug] [Thread-1 (]: Re-using an available connection from the pool (formerly model.weather_pipeline.daily_city_metrics, now test.weather_pipeline.not_null_daily_city_metrics_city.959f0c8a13)
[0m13:41:40.940212 [debug] [Thread-1 (]: Began compiling node test.weather_pipeline.not_null_daily_city_metrics_city.959f0c8a13
[0m13:41:40.943146 [debug] [Thread-1 (]: Writing injected SQL for node "test.weather_pipeline.not_null_daily_city_metrics_city.959f0c8a13"
[0m13:41:40.943493 [debug] [Thread-1 (]: Began executing node test.weather_pipeline.not_null_daily_city_metrics_city.959f0c8a13
[0m13:41:40.944177 [debug] [Thread-1 (]: Writing runtime sql for node "test.weather_pipeline.not_null_daily_city_metrics_city.959f0c8a13"
[0m13:41:40.944462 [debug] [Thread-1 (]: Using duckdb connection "test.weather_pipeline.not_null_daily_city_metrics_city.959f0c8a13"
[0m13:41:40.944602 [debug] [Thread-1 (]: On test.weather_pipeline.not_null_daily_city_metrics_city.959f0c8a13: BEGIN
[0m13:41:40.944771 [debug] [Thread-1 (]: Opening a new connection, currently in state closed
[0m13:41:40.945013 [debug] [Thread-1 (]: SQL status: OK in 0.000 seconds
[0m13:41:40.945153 [debug] [Thread-1 (]: Using duckdb connection "test.weather_pipeline.not_null_daily_city_metrics_city.959f0c8a13"
[0m13:41:40.945288 [debug] [Thread-1 (]: On test.weather_pipeline.not_null_daily_city_metrics_city.959f0c8a13: /* {"app": "dbt", "dbt_version": "1.12.5", "profile_name": "weather_pipeline", "target_name": "dev", "node_id": "test.weather_pipeline.not_null_daily_city_metrics_city.959f0c8a13"} */

    
    select
      count(*) as failures,
      count(*) != 0 as should_warn,
      count(*) != 0 as should_error
    from (
      
    
  
    
    



select city
from "warehouse"."main_marts"."daily_city_metrics"
where city is null



  
  
      
    ) dbt_internal_test
[0m13:41:40.945638 [debug] [Thread-1 (]: SQL status: OK in 0.000 seconds
[0m13:41:40.946285 [debug] [Thread-1 (]: On test.weather_pipeline.not_null_daily_city_metrics_city.959f0c8a13: ROLLBACK
[0m13:41:40.946492 [debug] [Thread-1 (]: On test.weather_pipeline.not_null_daily_city_metrics_city.959f0c8a13: Close
[0m13:41:40.946727 [info ] [Thread-1 (]: 12 of 14 PASS not_null_daily_city_metrics_city ................................. [[32mPASS[0m in 0.01s]
[0m13:41:40.946946 [debug] [Thread-1 (]: Finished running node test.weather_pipeline.not_null_daily_city_metrics_city.959f0c8a13
[0m13:41:40.947099 [debug] [Thread-1 (]: Began running node test.weather_pipeline.not_null_daily_city_metrics_date.c0a994be93
[0m13:41:40.947250 [info ] [Thread-1 (]: 13 of 14 START test not_null_daily_city_metrics_date ........................... [RUN]
[0m13:41:40.947409 [debug] [Thread-1 (]: Re-using an available connection from the pool (formerly test.weather_pipeline.not_null_daily_city_metrics_city.959f0c8a13, now test.weather_pipeline.not_null_daily_city_metrics_date.c0a994be93)
[0m13:41:40.947541 [debug] [Thread-1 (]: Began compiling node test.weather_pipeline.not_null_daily_city_metrics_date.c0a994be93
[0m13:41:40.950189 [debug] [Thread-1 (]: Writing injected SQL for node "test.weather_pipeline.not_null_daily_city_metrics_date.c0a994be93"
[0m13:41:40.950481 [debug] [Thread-1 (]: Began executing node test.weather_pipeline.not_null_daily_city_metrics_date.c0a994be93
[0m13:41:40.951139 [debug] [Thread-1 (]: Writing runtime sql for node "test.weather_pipeline.not_null_daily_city_metrics_date.c0a994be93"
[0m13:41:40.951413 [debug] [Thread-1 (]: Using duckdb connection "test.weather_pipeline.not_null_daily_city_metrics_date.c0a994be93"
[0m13:41:40.951550 [debug] [Thread-1 (]: On test.weather_pipeline.not_null_daily_city_metrics_date.c0a994be93: BEGIN
[0m13:41:40.951668 [debug] [Thread-1 (]: Opening a new connection, currently in state closed
[0m13:41:40.951862 [debug] [Thread-1 (]: SQL status: OK in 0.000 seconds
[0m13:41:40.951993 [debug] [Thread-1 (]: Using duckdb connection "test.weather_pipeline.not_null_daily_city_metrics_date.c0a994be93"
[0m13:41:40.952122 [debug] [Thread-1 (]: On test.weather_pipeline.not_null_daily_city_metrics_date.c0a994be93: /* {"app": "dbt", "dbt_version": "1.12.5", "profile_name": "weather_pipeline", "target_name": "dev", "node_id": "test.weather_pipeline.not_null_daily_city_metrics_date.c0a994be93"} */

    
    select
      count(*) as failures,
      count(*) != 0 as should_warn,
      count(*) != 0 as should_error
    from (
      
    
  
    
    



select date
from "warehouse"."main_marts"."daily_city_metrics"
where date is null



  
  
      
    ) dbt_internal_test
[0m13:41:40.952455 [debug] [Thread-1 (]: SQL status: OK in 0.000 seconds
[0m13:41:40.953087 [debug] [Thread-1 (]: On test.weather_pipeline.not_null_daily_city_metrics_date.c0a994be93: ROLLBACK
[0m13:41:40.953300 [debug] [Thread-1 (]: On test.weather_pipeline.not_null_daily_city_metrics_date.c0a994be93: Close
[0m13:41:40.953542 [info ] [Thread-1 (]: 13 of 14 PASS not_null_daily_city_metrics_date ................................. [[32mPASS[0m in 0.01s]
[0m13:41:40.953759 [debug] [Thread-1 (]: Finished running node test.weather_pipeline.not_null_daily_city_metrics_date.c0a994be93
[0m13:41:40.953923 [debug] [Thread-1 (]: Began running node test.weather_pipeline.not_null_daily_city_metrics_hours_observed.82f3000a2e
[0m13:41:40.954087 [info ] [Thread-1 (]: 14 of 14 START test not_null_daily_city_metrics_hours_observed ................. [RUN]
[0m13:41:40.954274 [debug] [Thread-1 (]: Re-using an available connection from the pool (formerly test.weather_pipeline.not_null_daily_city_metrics_date.c0a994be93, now test.weather_pipeline.not_null_daily_city_metrics_hours_observed.82f3000a2e)
[0m13:41:40.954416 [debug] [Thread-1 (]: Began compiling node test.weather_pipeline.not_null_daily_city_metrics_hours_observed.82f3000a2e
[0m13:41:40.957382 [debug] [Thread-1 (]: Writing injected SQL for node "test.weather_pipeline.not_null_daily_city_metrics_hours_observed.82f3000a2e"
[0m13:41:40.957677 [debug] [Thread-1 (]: Began executing node test.weather_pipeline.not_null_daily_city_metrics_hours_observed.82f3000a2e
[0m13:41:40.958336 [debug] [Thread-1 (]: Writing runtime sql for node "test.weather_pipeline.not_null_daily_city_metrics_hours_observed.82f3000a2e"
[0m13:41:40.958603 [debug] [Thread-1 (]: Using duckdb connection "test.weather_pipeline.not_null_daily_city_metrics_hours_observed.82f3000a2e"
[0m13:41:40.958743 [debug] [Thread-1 (]: On test.weather_pipeline.not_null_daily_city_metrics_hours_observed.82f3000a2e: BEGIN
[0m13:41:40.958863 [debug] [Thread-1 (]: Opening a new connection, currently in state closed
[0m13:41:40.959061 [debug] [Thread-1 (]: SQL status: OK in 0.000 seconds
[0m13:41:40.959197 [debug] [Thread-1 (]: Using duckdb connection "test.weather_pipeline.not_null_daily_city_metrics_hours_observed.82f3000a2e"
[0m13:41:40.959331 [debug] [Thread-1 (]: On test.weather_pipeline.not_null_daily_city_metrics_hours_observed.82f3000a2e: /* {"app": "dbt", "dbt_version": "1.12.5", "profile_name": "weather_pipeline", "target_name": "dev", "node_id": "test.weather_pipeline.not_null_daily_city_metrics_hours_observed.82f3000a2e"} */

    
    select
      count(*) as failures,
      count(*) != 0 as should_warn,
      count(*) != 0 as should_error
    from (
      
    
  
    
    



select hours_observed
from "warehouse"."main_marts"."daily_city_metrics"
where hours_observed is null



  
  
      
    ) dbt_internal_test
[0m13:41:40.959644 [debug] [Thread-1 (]: SQL status: OK in 0.000 seconds
[0m13:41:40.960266 [debug] [Thread-1 (]: On test.weather_pipeline.not_null_daily_city_metrics_hours_observed.82f3000a2e: ROLLBACK
[0m13:41:40.960471 [debug] [Thread-1 (]: On test.weather_pipeline.not_null_daily_city_metrics_hours_observed.82f3000a2e: Close
[0m13:41:40.960705 [info ] [Thread-1 (]: 14 of 14 PASS not_null_daily_city_metrics_hours_observed ....................... [[32mPASS[0m in 0.01s]
[0m13:41:40.960922 [debug] [Thread-1 (]: Finished running node test.weather_pipeline.not_null_daily_city_metrics_hours_observed.82f3000a2e
[0m13:41:40.961404 [debug] [MainThread]: Using duckdb connection "master"
[0m13:41:40.961528 [debug] [MainThread]: On master: BEGIN
[0m13:41:40.961632 [debug] [MainThread]: Opening a new connection, currently in state closed
[0m13:41:40.961803 [debug] [MainThread]: SQL status: OK in 0.000 seconds
[0m13:41:40.961912 [debug] [MainThread]: On master: COMMIT
[0m13:41:40.962022 [debug] [MainThread]: Using duckdb connection "master"
[0m13:41:40.962115 [debug] [MainThread]: On master: COMMIT
[0m13:41:40.962260 [debug] [MainThread]: SQL status: OK in 0.000 seconds
[0m13:41:40.962367 [debug] [MainThread]: On master: Close
[0m13:41:40.962511 [debug] [MainThread]: Connection 'master' was properly closed.
[0m13:41:40.962608 [debug] [MainThread]: Connection 'test.weather_pipeline.not_null_daily_city_metrics_hours_observed.82f3000a2e' was properly closed.
[0m13:41:40.962734 [info ] [MainThread]: 
[0m13:41:40.962855 [info ] [MainThread]: Finished running 1 table model, 11 data tests, 2 view models in 0 hours 0 minutes and 0.28 seconds (0.28s).
[0m13:41:40.963714 [debug] [MainThread]: Command end result
[0m13:41:40.980960 [debug] [MainThread]: Wrote artifact WritableManifest to /Users/varnikkatm/Desktop/weatherdata/weather-pipeline/dbt_project/target/manifest.json
[0m13:41:40.982478 [debug] [MainThread]: Wrote artifact SemanticManifest to /Users/varnikkatm/Desktop/weatherdata/weather-pipeline/dbt_project/target/semantic_manifest.json
[0m13:41:40.983905 [debug] [MainThread]: Wrote artifact OsiDocument to /Users/varnikkatm/Desktop/weatherdata/weather-pipeline/dbt_project/target/osi_document.json
[0m13:41:40.987448 [debug] [MainThread]: Wrote artifact RunExecutionResult to /Users/varnikkatm/Desktop/weatherdata/weather-pipeline/dbt_project/target/run_results.json
[0m13:41:40.987592 [info ] [MainThread]: 
[0m13:41:40.987741 [info ] [MainThread]: [32mCompleted successfully[0m
[0m13:41:40.987862 [info ] [MainThread]: 
[0m13:41:40.988003 [info ] [MainThread]: Done. PASS=14 WARN=0 ERROR=0 SKIP=0 NO-OP=0 REUSED=0 TOTAL=14
[0m13:41:40.989612 [debug] [MainThread]: Resource report: {"command_name": "build", "command_success": true, "command_wall_clock_time": 0.8229334, "process_in_blocks": "0", "process_kernel_time": 0.218419, "process_mem_max_rss": "180781056", "process_out_blocks": "0", "process_user_time": 1.359892}
[0m13:41:40.989834 [debug] [MainThread]: Command `dbt build` succeeded at 13:41:40.989798 after 0.82 seconds
[0m13:41:40.989992 [debug] [MainThread]: Sending event: {'category': 'dbt', 'action': 'invocation', 'label': 'end', 'context': [<snowplow_tracker.self_describing_json.SelfDescribingJson object at 0x10a3f9630>, <snowplow_tracker.self_describing_json.SelfDescribingJson object at 0x109fb7770>, <snowplow_tracker.self_describing_json.SelfDescribingJson object at 0x109ef35d0>]}
[0m13:41:40.990139 [debug] [MainThread]: Flushing usage events
[0m13:41:42.233168 [debug] [MainThread]: An error was encountered while trying to flush usage events
[0m13:43:49.108576 [debug] [MainThread]: Sending event: {'category': 'dbt', 'action': 'invocation', 'label': 'start', 'context': [<snowplow_tracker.self_describing_json.SelfDescribingJson object at 0x10cb32120>, <snowplow_tracker.self_describing_json.SelfDescribingJson object at 0x10e003750>, <snowplow_tracker.self_describing_json.SelfDescribingJson object at 0x10e003890>]}


============================== 13:43:49.111519 | 56d2323a-a71a-48d8-ae0d-62c30e444816 ==============================
[0m13:43:49.111519 [info ] [MainThread]: Running with dbt=1.12.5
[0m13:43:49.111811 [debug] [MainThread]: running dbt with arguments {'use_colors': 'True', 'invocation_command': 'dbt build --project-dir /Users/varnikkatm/Desktop/weatherdata/weather-pipeline/dbt_project --profiles-dir /Users/varnikkatm/Desktop/weatherdata/weather-pipeline/dbt_project', 'empty': 'False', 'introspect': 'True', 'maximum_seed_size_mib': '1', 'target_path': 'None', 'hints_enabled': 'True', 'log_format': 'default', 'cache_selected_only': 'False', 'partial_parse': 'True', 'no_print': 'None', 'send_anonymous_usage_stats': 'True', 'quiet': 'False', 'write_json': 'True', 'profiles_dir': '/Users/varnikkatm/Desktop/weatherdata/weather-pipeline/dbt_project', 'warn_error_options': 'WarnErrorOptionsV2(error=[], warn=[], silence=[])', 'version_check': 'True', 'fail_fast': 'False', 'log_cache_events': 'False', 'log_path': '/Users/varnikkatm/Desktop/weatherdata/weather-pipeline/dbt_project/logs', 'warn_error': 'None', 'indirect_selection': 'eager', 'use_experimental_parser': 'False', 'static_parser': 'True', 'debug': 'False', 'printer_width': '80'}
[0m13:43:49.237686 [debug] [MainThread]: Sending event: {'category': 'dbt', 'action': 'project_id', 'label': '56d2323a-a71a-48d8-ae0d-62c30e444816', 'context': [<snowplow_tracker.self_describing_json.SelfDescribingJson object at 0x10ce81a70>]}
[0m13:43:49.306679 [debug] [MainThread]: Sending event: {'category': 'dbt', 'action': 'adapter_info', 'label': '56d2323a-a71a-48d8-ae0d-62c30e444816', 'context': [<snowplow_tracker.self_describing_json.SelfDescribingJson object at 0x10df75ae0>]}
[0m13:43:49.308946 [info ] [MainThread]: Registered adapter: duckdb=1.11.0
[0m13:43:49.362211 [debug] [MainThread]: checksum: ba689b7f905241906e1496b2e53804a9ae742690c0d24cd6dbdee9157065b982, vars: {}, profile: weather_pipeline, target: dev, version: 1.12.5
[0m13:43:49.442115 [debug] [MainThread]: Partial parsing enabled: 0 files deleted, 0 files added, 0 files changed.
[0m13:43:49.442338 [debug] [MainThread]: Nothing changed, skipping partial parsing.
[0m13:43:49.442480 [debug] [MainThread]: Partial parsing enabled, no changes found, skipping parsing
[0m13:43:49.448194 [debug] [MainThread]: Sending event: {'category': 'dbt', 'action': 'load_project', 'label': '56d2323a-a71a-48d8-ae0d-62c30e444816', 'context': [<snowplow_tracker.self_describing_json.SelfDescribingJson object at 0x10e5ca750>]}
[0m13:43:49.533915 [debug] [MainThread]: Wrote artifact WritableManifest to /Users/varnikkatm/Desktop/weatherdata/weather-pipeline/dbt_project/target/manifest.json
[0m13:43:49.536418 [debug] [MainThread]: Wrote artifact SemanticManifest to /Users/varnikkatm/Desktop/weatherdata/weather-pipeline/dbt_project/target/semantic_manifest.json
[0m13:43:49.547988 [debug] [MainThread]: Wrote artifact OsiDocument to /Users/varnikkatm/Desktop/weatherdata/weather-pipeline/dbt_project/target/osi_document.json
[0m13:43:49.563507 [debug] [MainThread]: Sending event: {'category': 'dbt', 'action': 'resource_counts', 'label': '56d2323a-a71a-48d8-ae0d-62c30e444816', 'context': [<snowplow_tracker.self_describing_json.SelfDescribingJson object at 0x10e7d66c0>]}
[0m13:43:49.563778 [info ] [MainThread]: Found 3 models, 11 data tests, 2 sources, 500 macros
[0m13:43:49.565045 [info ] [MainThread]: 
[0m13:43:49.565214 [info ] [MainThread]: Concurrency: 1 threads (target='dev')
[0m13:43:49.565338 [info ] [MainThread]: 
[0m13:43:49.565600 [debug] [MainThread]: Acquiring new duckdb connection 'master'
[0m13:43:49.567853 [debug] [ThreadPool]: Acquiring new duckdb connection 'list_warehouse'
[0m13:43:49.598558 [debug] [ThreadPool]: Using duckdb connection "list_warehouse"
[0m13:43:49.598758 [debug] [ThreadPool]: On list_warehouse: /* {"app": "dbt", "dbt_version": "1.12.5", "profile_name": "weather_pipeline", "target_name": "dev", "connection_name": "list_warehouse"} */

    
    select schema_name
    from system.information_schema.schemata
    
    where lower(catalog_name) = '"warehouse"'
    
  
  
[0m13:43:49.598898 [debug] [ThreadPool]: Opening a new connection, currently in state init
[0m13:43:49.606784 [debug] [ThreadPool]: SQL status: OK in 0.008 seconds
[0m13:43:49.607468 [debug] [ThreadPool]: On list_warehouse: Close
[0m13:43:49.608277 [debug] [ThreadPool]: Using duckdb connection "list_warehouse"
[0m13:43:49.608450 [debug] [ThreadPool]: On list_warehouse: /* {"app": "dbt", "dbt_version": "1.12.5", "profile_name": "weather_pipeline", "target_name": "dev", "connection_name": "list_warehouse"} */

    
    select schema_name
    from system.information_schema.schemata
    
    where lower(catalog_name) = '"warehouse"'
    
  
  
[0m13:43:49.608611 [debug] [ThreadPool]: Opening a new connection, currently in state closed
[0m13:43:49.608998 [debug] [ThreadPool]: SQL status: OK in 0.000 seconds
[0m13:43:49.609612 [debug] [ThreadPool]: On list_warehouse: Close
[0m13:43:49.609959 [debug] [ThreadPool]: Re-using an available connection from the pool (formerly list_warehouse, now create_warehouse_main_staging)
[0m13:43:49.610185 [debug] [ThreadPool]: Creating schema "database: "warehouse"
schema: "main_staging"
"
[0m13:43:49.614076 [debug] [ThreadPool]: Using duckdb connection "create_warehouse_main_staging"
[0m13:43:49.614256 [debug] [ThreadPool]: On create_warehouse_main_staging: /* {"app": "dbt", "dbt_version": "1.12.5", "profile_name": "weather_pipeline", "target_name": "dev", "connection_name": "create_warehouse_main_staging"} */

    
        select type from duckdb_databases()
        where lower(database_name)='warehouse'
        and type != 'duckdb'
    
  
[0m13:43:49.614392 [debug] [ThreadPool]: Opening a new connection, currently in state closed
[0m13:43:49.615300 [debug] [ThreadPool]: SQL status: OK in 0.001 seconds
[0m13:43:49.616068 [debug] [ThreadPool]: Using duckdb connection "create_warehouse_main_staging"
[0m13:43:49.616213 [debug] [ThreadPool]: On create_warehouse_main_staging: BEGIN
[0m13:43:49.616403 [debug] [ThreadPool]: SQL status: OK in 0.000 seconds
[0m13:43:49.616513 [debug] [ThreadPool]: Using duckdb connection "create_warehouse_main_staging"
[0m13:43:49.616618 [debug] [ThreadPool]: On create_warehouse_main_staging: /* {"app": "dbt", "dbt_version": "1.12.5", "profile_name": "weather_pipeline", "target_name": "dev", "connection_name": "create_warehouse_main_staging"} */

    
    
        create schema if not exists "warehouse"."main_staging"
    
[0m13:43:49.616804 [debug] [ThreadPool]: SQL status: OK in 0.000 seconds
[0m13:43:49.617167 [debug] [ThreadPool]: On create_warehouse_main_staging: COMMIT
[0m13:43:49.617308 [debug] [ThreadPool]: Using duckdb connection "create_warehouse_main_staging"
[0m13:43:49.617412 [debug] [ThreadPool]: On create_warehouse_main_staging: COMMIT
[0m13:43:49.617574 [debug] [ThreadPool]: SQL status: OK in 0.000 seconds
[0m13:43:49.617704 [debug] [ThreadPool]: On create_warehouse_main_staging: Close
[0m13:43:49.617964 [debug] [ThreadPool]: Re-using an available connection from the pool (formerly create_warehouse_main_staging, now create_warehouse_main_marts)
[0m13:43:49.618174 [debug] [ThreadPool]: Creating schema "database: "warehouse"
schema: "main_marts"
"
[0m13:43:49.618716 [debug] [ThreadPool]: Using duckdb connection "create_warehouse_main_marts"
[0m13:43:49.618846 [debug] [ThreadPool]: On create_warehouse_main_marts: /* {"app": "dbt", "dbt_version": "1.12.5", "profile_name": "weather_pipeline", "target_name": "dev", "connection_name": "create_warehouse_main_marts"} */

    
        select type from duckdb_databases()
        where lower(database_name)='warehouse'
        and type != 'duckdb'
    
  
[0m13:43:49.618961 [debug] [ThreadPool]: Opening a new connection, currently in state closed
[0m13:43:49.619252 [debug] [ThreadPool]: SQL status: OK in 0.000 seconds
[0m13:43:49.619803 [debug] [ThreadPool]: Using duckdb connection "create_warehouse_main_marts"
[0m13:43:49.619928 [debug] [ThreadPool]: On create_warehouse_main_marts: BEGIN
[0m13:43:49.620097 [debug] [ThreadPool]: SQL status: OK in 0.000 seconds
[0m13:43:49.620212 [debug] [ThreadPool]: Using duckdb connection "create_warehouse_main_marts"
[0m13:43:49.620326 [debug] [ThreadPool]: On create_warehouse_main_marts: /* {"app": "dbt", "dbt_version": "1.12.5", "profile_name": "weather_pipeline", "target_name": "dev", "connection_name": "create_warehouse_main_marts"} */

    
    
        create schema if not exists "warehouse"."main_marts"
    
[0m13:43:49.620529 [debug] [ThreadPool]: SQL status: OK in 0.000 seconds
[0m13:43:49.620935 [debug] [ThreadPool]: On create_warehouse_main_marts: COMMIT
[0m13:43:49.621072 [debug] [ThreadPool]: Using duckdb connection "create_warehouse_main_marts"
[0m13:43:49.621299 [debug] [ThreadPool]: On create_warehouse_main_marts: COMMIT
[0m13:43:49.621495 [debug] [ThreadPool]: SQL status: OK in 0.000 seconds
[0m13:43:49.621645 [debug] [ThreadPool]: On create_warehouse_main_marts: Close
[0m13:43:49.622216 [debug] [ThreadPool]: Re-using an available connection from the pool (formerly create_warehouse_main_marts, now list_warehouse_main_staging)
[0m13:43:49.624394 [debug] [ThreadPool]: Using duckdb connection "list_warehouse_main_staging"
[0m13:43:49.624531 [debug] [ThreadPool]: On list_warehouse_main_staging: BEGIN
[0m13:43:49.624637 [debug] [ThreadPool]: Opening a new connection, currently in state closed
[0m13:43:49.624833 [debug] [ThreadPool]: SQL status: OK in 0.000 seconds
[0m13:43:49.624953 [debug] [ThreadPool]: Using duckdb connection "list_warehouse_main_staging"
[0m13:43:49.625076 [debug] [ThreadPool]: On list_warehouse_main_staging: /* {"app": "dbt", "dbt_version": "1.12.5", "profile_name": "weather_pipeline", "target_name": "dev", "connection_name": "list_warehouse_main_staging"} */
select
      'warehouse' as database,
      table_name as name,
      table_schema as schema,
      CASE table_type
        WHEN 'BASE TABLE' THEN 'table'
        WHEN 'VIEW' THEN 'view'
        WHEN 'LOCAL TEMPORARY' THEN 'table'
        END as type
    from system.information_schema.tables
    where lower(table_schema) = 'main_staging'
    and lower(table_catalog) = 'warehouse'
  
[0m13:43:49.627362 [debug] [ThreadPool]: SQL status: OK in 0.002 seconds
[0m13:43:49.628257 [debug] [ThreadPool]: On list_warehouse_main_staging: ROLLBACK
[0m13:43:49.628454 [debug] [ThreadPool]: On list_warehouse_main_staging: Close
[0m13:43:49.628677 [debug] [ThreadPool]: Re-using an available connection from the pool (formerly list_warehouse_main_staging, now list_warehouse_main_marts)
[0m13:43:49.629461 [debug] [ThreadPool]: Using duckdb connection "list_warehouse_main_marts"
[0m13:43:49.629589 [debug] [ThreadPool]: On list_warehouse_main_marts: BEGIN
[0m13:43:49.629692 [debug] [ThreadPool]: Opening a new connection, currently in state closed
[0m13:43:49.629873 [debug] [ThreadPool]: SQL status: OK in 0.000 seconds
[0m13:43:49.629983 [debug] [ThreadPool]: Using duckdb connection "list_warehouse_main_marts"
[0m13:43:49.630099 [debug] [ThreadPool]: On list_warehouse_main_marts: /* {"app": "dbt", "dbt_version": "1.12.5", "profile_name": "weather_pipeline", "target_name": "dev", "connection_name": "list_warehouse_main_marts"} */
select
      'warehouse' as database,
      table_name as name,
      table_schema as schema,
      CASE table_type
        WHEN 'BASE TABLE' THEN 'table'
        WHEN 'VIEW' THEN 'view'
        WHEN 'LOCAL TEMPORARY' THEN 'table'
        END as type
    from system.information_schema.tables
    where lower(table_schema) = 'main_marts'
    and lower(table_catalog) = 'warehouse'
  
[0m13:43:49.630852 [debug] [ThreadPool]: SQL status: OK in 0.001 seconds
[0m13:43:49.631400 [debug] [ThreadPool]: On list_warehouse_main_marts: ROLLBACK
[0m13:43:49.631594 [debug] [ThreadPool]: On list_warehouse_main_marts: Close
[0m13:43:49.631922 [debug] [MainThread]: Sending event: {'category': 'dbt', 'action': 'runnable_timing', 'label': '56d2323a-a71a-48d8-ae0d-62c30e444816', 'context': [<snowplow_tracker.self_describing_json.SelfDescribingJson object at 0x10e819c50>]}
[0m13:43:49.632140 [debug] [MainThread]: Using duckdb connection "master"
[0m13:43:49.632258 [debug] [MainThread]: On master: BEGIN
[0m13:43:49.632363 [debug] [MainThread]: Opening a new connection, currently in state init
[0m13:43:49.632546 [debug] [MainThread]: SQL status: OK in 0.000 seconds
[0m13:43:49.632661 [debug] [MainThread]: On master: COMMIT
[0m13:43:49.632770 [debug] [MainThread]: Using duckdb connection "master"
[0m13:43:49.632877 [debug] [MainThread]: On master: COMMIT
[0m13:43:49.633047 [debug] [MainThread]: SQL status: OK in 0.000 seconds
[0m13:43:49.633181 [debug] [MainThread]: On master: Close
[0m13:43:49.634430 [debug] [Thread-1 (]: Began running node model.weather_pipeline.stg_air_quality
[0m13:43:49.634668 [info ] [Thread-1 (]: 1 of 14 START sql view model main_staging.stg_air_quality ...................... [RUN]
[0m13:43:49.634865 [debug] [Thread-1 (]: Re-using an available connection from the pool (formerly list_warehouse_main_marts, now model.weather_pipeline.stg_air_quality)
[0m13:43:49.635022 [debug] [Thread-1 (]: Began compiling node model.weather_pipeline.stg_air_quality
[0m13:43:49.637848 [debug] [Thread-1 (]: Writing injected SQL for node "model.weather_pipeline.stg_air_quality"
[0m13:43:49.638232 [debug] [Thread-1 (]: Began executing node model.weather_pipeline.stg_air_quality
[0m13:43:49.652175 [debug] [Thread-1 (]: Writing runtime sql for node "model.weather_pipeline.stg_air_quality"
[0m13:43:49.652568 [debug] [Thread-1 (]: Using duckdb connection "model.weather_pipeline.stg_air_quality"
[0m13:43:49.652720 [debug] [Thread-1 (]: On model.weather_pipeline.stg_air_quality: BEGIN
[0m13:43:49.652855 [debug] [Thread-1 (]: Opening a new connection, currently in state closed
[0m13:43:49.653091 [debug] [Thread-1 (]: SQL status: OK in 0.000 seconds
[0m13:43:49.653227 [debug] [Thread-1 (]: Using duckdb connection "model.weather_pipeline.stg_air_quality"
[0m13:43:49.653367 [debug] [Thread-1 (]: On model.weather_pipeline.stg_air_quality: /* {"app": "dbt", "dbt_version": "1.12.5", "profile_name": "weather_pipeline", "target_name": "dev", "node_id": "model.weather_pipeline.stg_air_quality"} */

  
  create view "warehouse"."main_staging"."stg_air_quality__dbt_tmp" as (
    select
    city,
    ts,
    pm10   as pm10_ugm3,
    pm2_5  as pm25_ugm3,
    us_aqi as aqi
from "warehouse"."main"."raw_air_quality"
where us_aqi is not null or pm2_5 is not null
  );

[0m13:43:49.653682 [debug] [Thread-1 (]: SQL status: OK in 0.000 seconds
[0m13:43:49.656018 [debug] [Thread-1 (]: Using duckdb connection "model.weather_pipeline.stg_air_quality"
[0m13:43:49.656195 [debug] [Thread-1 (]: On model.weather_pipeline.stg_air_quality: /* {"app": "dbt", "dbt_version": "1.12.5", "profile_name": "weather_pipeline", "target_name": "dev", "node_id": "model.weather_pipeline.stg_air_quality"} */
alter view "warehouse"."main_staging"."stg_air_quality" rename to "stg_air_quality__dbt_backup"
[0m13:43:49.656499 [debug] [Thread-1 (]: SQL status: OK in 0.000 seconds
[0m13:43:49.657456 [debug] [Thread-1 (]: Using duckdb connection "model.weather_pipeline.stg_air_quality"
[0m13:43:49.657598 [debug] [Thread-1 (]: On model.weather_pipeline.stg_air_quality: /* {"app": "dbt", "dbt_version": "1.12.5", "profile_name": "weather_pipeline", "target_name": "dev", "node_id": "model.weather_pipeline.stg_air_quality"} */
alter view "warehouse"."main_staging"."stg_air_quality__dbt_tmp" rename to "stg_air_quality"
[0m13:43:49.657820 [debug] [Thread-1 (]: SQL status: OK in 0.000 seconds
[0m13:43:49.665487 [debug] [Thread-1 (]: On model.weather_pipeline.stg_air_quality: COMMIT
[0m13:43:49.665722 [debug] [Thread-1 (]: Using duckdb connection "model.weather_pipeline.stg_air_quality"
[0m13:43:49.665876 [debug] [Thread-1 (]: On model.weather_pipeline.stg_air_quality: COMMIT
[0m13:43:49.666480 [debug] [Thread-1 (]: SQL status: OK in 0.000 seconds
[0m13:43:49.668811 [debug] [Thread-1 (]: Using duckdb connection "model.weather_pipeline.stg_air_quality"
[0m13:43:49.668984 [debug] [Thread-1 (]: On model.weather_pipeline.stg_air_quality: /* {"app": "dbt", "dbt_version": "1.12.5", "profile_name": "weather_pipeline", "target_name": "dev", "node_id": "model.weather_pipeline.stg_air_quality"} */

      drop view if exists "warehouse"."main_staging"."stg_air_quality__dbt_backup" cascade
    
[0m13:43:49.669360 [debug] [Thread-1 (]: SQL status: OK in 0.000 seconds
[0m13:43:49.670511 [debug] [Thread-1 (]: On model.weather_pipeline.stg_air_quality: Close
[0m13:43:49.671464 [debug] [Thread-1 (]: Sending event: {'category': 'dbt', 'action': 'run_model', 'label': '56d2323a-a71a-48d8-ae0d-62c30e444816', 'context': [<snowplow_tracker.self_describing_json.SelfDescribingJson object at 0x10ec4eea0>]}
[0m13:43:49.671758 [info ] [Thread-1 (]: 1 of 14 OK created sql view model main_staging.stg_air_quality ................. [[32mOK[0m in 0.04s]
[0m13:43:49.672014 [debug] [Thread-1 (]: Finished running node model.weather_pipeline.stg_air_quality
[0m13:43:49.672195 [debug] [Thread-1 (]: Began running node model.weather_pipeline.stg_weather
[0m13:43:49.672466 [info ] [Thread-1 (]: 2 of 14 START sql view model main_staging.stg_weather .......................... [RUN]
[0m13:43:49.672712 [debug] [Thread-1 (]: Re-using an available connection from the pool (formerly model.weather_pipeline.stg_air_quality, now model.weather_pipeline.stg_weather)
[0m13:43:49.672867 [debug] [Thread-1 (]: Began compiling node model.weather_pipeline.stg_weather
[0m13:43:49.673721 [debug] [Thread-1 (]: Writing injected SQL for node "model.weather_pipeline.stg_weather"
[0m13:43:49.674083 [debug] [Thread-1 (]: Began executing node model.weather_pipeline.stg_weather
[0m13:43:49.675534 [debug] [Thread-1 (]: Writing runtime sql for node "model.weather_pipeline.stg_weather"
[0m13:43:49.675858 [debug] [Thread-1 (]: Using duckdb connection "model.weather_pipeline.stg_weather"
[0m13:43:49.676001 [debug] [Thread-1 (]: On model.weather_pipeline.stg_weather: BEGIN
[0m13:43:49.676132 [debug] [Thread-1 (]: Opening a new connection, currently in state closed
[0m13:43:49.676365 [debug] [Thread-1 (]: SQL status: OK in 0.000 seconds
[0m13:43:49.676505 [debug] [Thread-1 (]: Using duckdb connection "model.weather_pipeline.stg_weather"
[0m13:43:49.676655 [debug] [Thread-1 (]: On model.weather_pipeline.stg_weather: /* {"app": "dbt", "dbt_version": "1.12.5", "profile_name": "weather_pipeline", "target_name": "dev", "node_id": "model.weather_pipeline.stg_weather"} */

  
  create view "warehouse"."main_staging"."stg_weather__dbt_tmp" as (
    select
    city,
    ts,
    temperature_2m      as temperature_c,
    relative_humidity_2m as humidity_pct,
    precipitation       as precipitation_mm,
    wind_speed_10m      as wind_kmh
from "warehouse"."main"."raw_weather"
where temperature_2m is not null
  );

[0m13:43:49.676955 [debug] [Thread-1 (]: SQL status: OK in 0.000 seconds
[0m13:43:49.677884 [debug] [Thread-1 (]: Using duckdb connection "model.weather_pipeline.stg_weather"
[0m13:43:49.678021 [debug] [Thread-1 (]: On model.weather_pipeline.stg_weather: /* {"app": "dbt", "dbt_version": "1.12.5", "profile_name": "weather_pipeline", "target_name": "dev", "node_id": "model.weather_pipeline.stg_weather"} */
alter view "warehouse"."main_staging"."stg_weather" rename to "stg_weather__dbt_backup"
[0m13:43:49.678245 [debug] [Thread-1 (]: SQL status: OK in 0.000 seconds
[0m13:43:49.679193 [debug] [Thread-1 (]: Using duckdb connection "model.weather_pipeline.stg_weather"
[0m13:43:49.679384 [debug] [Thread-1 (]: On model.weather_pipeline.stg_weather: /* {"app": "dbt", "dbt_version": "1.12.5", "profile_name": "weather_pipeline", "target_name": "dev", "node_id": "model.weather_pipeline.stg_weather"} */
alter view "warehouse"."main_staging"."stg_weather__dbt_tmp" rename to "stg_weather"
[0m13:43:49.679645 [debug] [Thread-1 (]: SQL status: OK in 0.000 seconds
[0m13:43:49.680428 [debug] [Thread-1 (]: On model.weather_pipeline.stg_weather: COMMIT
[0m13:43:49.680586 [debug] [Thread-1 (]: Using duckdb connection "model.weather_pipeline.stg_weather"
[0m13:43:49.680717 [debug] [Thread-1 (]: On model.weather_pipeline.stg_weather: COMMIT
[0m13:43:49.681030 [debug] [Thread-1 (]: SQL status: OK in 0.000 seconds
[0m13:43:49.681753 [debug] [Thread-1 (]: Using duckdb connection "model.weather_pipeline.stg_weather"
[0m13:43:49.681909 [debug] [Thread-1 (]: On model.weather_pipeline.stg_weather: /* {"app": "dbt", "dbt_version": "1.12.5", "profile_name": "weather_pipeline", "target_name": "dev", "node_id": "model.weather_pipeline.stg_weather"} */

      drop view if exists "warehouse"."main_staging"."stg_weather__dbt_backup" cascade
    
[0m13:43:49.682196 [debug] [Thread-1 (]: SQL status: OK in 0.000 seconds
[0m13:43:49.682754 [debug] [Thread-1 (]: On model.weather_pipeline.stg_weather: Close
[0m13:43:49.682990 [debug] [Thread-1 (]: Sending event: {'category': 'dbt', 'action': 'run_model', 'label': '56d2323a-a71a-48d8-ae0d-62c30e444816', 'context': [<snowplow_tracker.self_describing_json.SelfDescribingJson object at 0x10e7fbd10>]}
[0m13:43:49.683272 [info ] [Thread-1 (]: 2 of 14 OK created sql view model main_staging.stg_weather ..................... [[32mOK[0m in 0.01s]
[0m13:43:49.683513 [debug] [Thread-1 (]: Finished running node model.weather_pipeline.stg_weather
[0m13:43:49.683690 [debug] [Thread-1 (]: Began running node test.weather_pipeline.not_null_stg_air_quality_city.2c545f7064
[0m13:43:49.683881 [info ] [Thread-1 (]: 3 of 14 START test not_null_stg_air_quality_city ............................... [RUN]
[0m13:43:49.684114 [debug] [Thread-1 (]: Re-using an available connection from the pool (formerly model.weather_pipeline.stg_weather, now test.weather_pipeline.not_null_stg_air_quality_city.2c545f7064)
[0m13:43:49.684261 [debug] [Thread-1 (]: Began compiling node test.weather_pipeline.not_null_stg_air_quality_city.2c545f7064
[0m13:43:49.691229 [debug] [Thread-1 (]: Writing injected SQL for node "test.weather_pipeline.not_null_stg_air_quality_city.2c545f7064"
[0m13:43:49.691571 [debug] [Thread-1 (]: Began executing node test.weather_pipeline.not_null_stg_air_quality_city.2c545f7064
[0m13:43:49.700048 [debug] [Thread-1 (]: Writing runtime sql for node "test.weather_pipeline.not_null_stg_air_quality_city.2c545f7064"
[0m13:43:49.700451 [debug] [Thread-1 (]: Using duckdb connection "test.weather_pipeline.not_null_stg_air_quality_city.2c545f7064"
[0m13:43:49.700607 [debug] [Thread-1 (]: On test.weather_pipeline.not_null_stg_air_quality_city.2c545f7064: BEGIN
[0m13:43:49.700739 [debug] [Thread-1 (]: Opening a new connection, currently in state closed
[0m13:43:49.701025 [debug] [Thread-1 (]: SQL status: OK in 0.000 seconds
[0m13:43:49.701161 [debug] [Thread-1 (]: Using duckdb connection "test.weather_pipeline.not_null_stg_air_quality_city.2c545f7064"
[0m13:43:49.701297 [debug] [Thread-1 (]: On test.weather_pipeline.not_null_stg_air_quality_city.2c545f7064: /* {"app": "dbt", "dbt_version": "1.12.5", "profile_name": "weather_pipeline", "target_name": "dev", "node_id": "test.weather_pipeline.not_null_stg_air_quality_city.2c545f7064"} */

    
    select
      count(*) as failures,
      count(*) != 0 as should_warn,
      count(*) != 0 as should_error
    from (
      
    
  
    
    



select city
from "warehouse"."main_staging"."stg_air_quality"
where city is null



  
  
      
    ) dbt_internal_test
[0m13:43:49.702450 [debug] [Thread-1 (]: SQL status: OK in 0.001 seconds
[0m13:43:49.704343 [debug] [Thread-1 (]: On test.weather_pipeline.not_null_stg_air_quality_city.2c545f7064: ROLLBACK
[0m13:43:49.704605 [debug] [Thread-1 (]: On test.weather_pipeline.not_null_stg_air_quality_city.2c545f7064: Close
[0m13:43:49.704886 [info ] [Thread-1 (]: 3 of 14 PASS not_null_stg_air_quality_city ..................................... [[32mPASS[0m in 0.02s]
[0m13:43:49.705129 [debug] [Thread-1 (]: Finished running node test.weather_pipeline.not_null_stg_air_quality_city.2c545f7064
[0m13:43:49.705296 [debug] [Thread-1 (]: Began running node test.weather_pipeline.not_null_stg_air_quality_ts.6e96156eb6
[0m13:43:49.705469 [info ] [Thread-1 (]: 4 of 14 START test not_null_stg_air_quality_ts ................................. [RUN]
[0m13:43:49.705648 [debug] [Thread-1 (]: Re-using an available connection from the pool (formerly test.weather_pipeline.not_null_stg_air_quality_city.2c545f7064, now test.weather_pipeline.not_null_stg_air_quality_ts.6e96156eb6)
[0m13:43:49.705788 [debug] [Thread-1 (]: Began compiling node test.weather_pipeline.not_null_stg_air_quality_ts.6e96156eb6
[0m13:43:49.708976 [debug] [Thread-1 (]: Writing injected SQL for node "test.weather_pipeline.not_null_stg_air_quality_ts.6e96156eb6"
[0m13:43:49.709319 [debug] [Thread-1 (]: Began executing node test.weather_pipeline.not_null_stg_air_quality_ts.6e96156eb6
[0m13:43:49.710164 [debug] [Thread-1 (]: Writing runtime sql for node "test.weather_pipeline.not_null_stg_air_quality_ts.6e96156eb6"
[0m13:43:49.710605 [debug] [Thread-1 (]: Using duckdb connection "test.weather_pipeline.not_null_stg_air_quality_ts.6e96156eb6"
[0m13:43:49.710770 [debug] [Thread-1 (]: On test.weather_pipeline.not_null_stg_air_quality_ts.6e96156eb6: BEGIN
[0m13:43:49.710910 [debug] [Thread-1 (]: Opening a new connection, currently in state closed
[0m13:43:49.711161 [debug] [Thread-1 (]: SQL status: OK in 0.000 seconds
[0m13:43:49.711298 [debug] [Thread-1 (]: Using duckdb connection "test.weather_pipeline.not_null_stg_air_quality_ts.6e96156eb6"
[0m13:43:49.711447 [debug] [Thread-1 (]: On test.weather_pipeline.not_null_stg_air_quality_ts.6e96156eb6: /* {"app": "dbt", "dbt_version": "1.12.5", "profile_name": "weather_pipeline", "target_name": "dev", "node_id": "test.weather_pipeline.not_null_stg_air_quality_ts.6e96156eb6"} */

    
    select
      count(*) as failures,
      count(*) != 0 as should_warn,
      count(*) != 0 as should_error
    from (
      
    
  
    
    



select ts
from "warehouse"."main_staging"."stg_air_quality"
where ts is null



  
  
      
    ) dbt_internal_test
[0m13:43:49.711940 [debug] [Thread-1 (]: SQL status: OK in 0.000 seconds
[0m13:43:49.712837 [debug] [Thread-1 (]: On test.weather_pipeline.not_null_stg_air_quality_ts.6e96156eb6: ROLLBACK
[0m13:43:49.713093 [debug] [Thread-1 (]: On test.weather_pipeline.not_null_stg_air_quality_ts.6e96156eb6: Close
[0m13:43:49.713407 [info ] [Thread-1 (]: 4 of 14 PASS not_null_stg_air_quality_ts ....................................... [[32mPASS[0m in 0.01s]
[0m13:43:49.713652 [debug] [Thread-1 (]: Finished running node test.weather_pipeline.not_null_stg_air_quality_ts.6e96156eb6
[0m13:43:49.713829 [debug] [Thread-1 (]: Began running node test.weather_pipeline.assert_humidity_in_range
[0m13:43:49.714004 [info ] [Thread-1 (]: 5 of 14 START test assert_humidity_in_range .................................... [RUN]
[0m13:43:49.714184 [debug] [Thread-1 (]: Re-using an available connection from the pool (formerly test.weather_pipeline.not_null_stg_air_quality_ts.6e96156eb6, now test.weather_pipeline.assert_humidity_in_range)
[0m13:43:49.714333 [debug] [Thread-1 (]: Began compiling node test.weather_pipeline.assert_humidity_in_range
[0m13:43:49.715135 [debug] [Thread-1 (]: Writing injected SQL for node "test.weather_pipeline.assert_humidity_in_range"
[0m13:43:49.715451 [debug] [Thread-1 (]: Began executing node test.weather_pipeline.assert_humidity_in_range
[0m13:43:49.716150 [debug] [Thread-1 (]: Writing runtime sql for node "test.weather_pipeline.assert_humidity_in_range"
[0m13:43:49.716449 [debug] [Thread-1 (]: Using duckdb connection "test.weather_pipeline.assert_humidity_in_range"
[0m13:43:49.716588 [debug] [Thread-1 (]: On test.weather_pipeline.assert_humidity_in_range: BEGIN
[0m13:43:49.716711 [debug] [Thread-1 (]: Opening a new connection, currently in state closed
[0m13:43:49.716922 [debug] [Thread-1 (]: SQL status: OK in 0.000 seconds
[0m13:43:49.717058 [debug] [Thread-1 (]: Using duckdb connection "test.weather_pipeline.assert_humidity_in_range"
[0m13:43:49.717199 [debug] [Thread-1 (]: On test.weather_pipeline.assert_humidity_in_range: /* {"app": "dbt", "dbt_version": "1.12.5", "profile_name": "weather_pipeline", "target_name": "dev", "node_id": "test.weather_pipeline.assert_humidity_in_range"} */

    
    select
      count(*) as failures,
      count(*) != 0 as should_warn,
      count(*) != 0 as should_error
    from (
      
    
  -- Fails for any row with humidity outside 0-100 %.
select *
from "warehouse"."main_staging"."stg_weather"
where humidity_pct < 0 or humidity_pct > 100
  
  
      
    ) dbt_internal_test
[0m13:43:49.717638 [debug] [Thread-1 (]: SQL status: OK in 0.000 seconds
[0m13:43:49.718291 [debug] [Thread-1 (]: On test.weather_pipeline.assert_humidity_in_range: ROLLBACK
[0m13:43:49.718510 [debug] [Thread-1 (]: On test.weather_pipeline.assert_humidity_in_range: Close
[0m13:43:49.718756 [info ] [Thread-1 (]: 5 of 14 PASS assert_humidity_in_range .......................................... [[32mPASS[0m in 0.00s]
[0m13:43:49.718984 [debug] [Thread-1 (]: Finished running node test.weather_pipeline.assert_humidity_in_range
[0m13:43:49.719148 [debug] [Thread-1 (]: Began running node test.weather_pipeline.assert_stg_weather_unique_city_ts
[0m13:43:49.719308 [info ] [Thread-1 (]: 6 of 14 START test assert_stg_weather_unique_city_ts ........................... [RUN]
[0m13:43:49.719479 [debug] [Thread-1 (]: Re-using an available connection from the pool (formerly test.weather_pipeline.assert_humidity_in_range, now test.weather_pipeline.assert_stg_weather_unique_city_ts)
[0m13:43:49.719619 [debug] [Thread-1 (]: Began compiling node test.weather_pipeline.assert_stg_weather_unique_city_ts
[0m13:43:49.720367 [debug] [Thread-1 (]: Writing injected SQL for node "test.weather_pipeline.assert_stg_weather_unique_city_ts"
[0m13:43:49.720724 [debug] [Thread-1 (]: Began executing node test.weather_pipeline.assert_stg_weather_unique_city_ts
[0m13:43:49.721466 [debug] [Thread-1 (]: Writing runtime sql for node "test.weather_pipeline.assert_stg_weather_unique_city_ts"
[0m13:43:49.721763 [debug] [Thread-1 (]: Using duckdb connection "test.weather_pipeline.assert_stg_weather_unique_city_ts"
[0m13:43:49.721907 [debug] [Thread-1 (]: On test.weather_pipeline.assert_stg_weather_unique_city_ts: BEGIN
[0m13:43:49.722037 [debug] [Thread-1 (]: Opening a new connection, currently in state closed
[0m13:43:49.722248 [debug] [Thread-1 (]: SQL status: OK in 0.000 seconds
[0m13:43:49.722384 [debug] [Thread-1 (]: Using duckdb connection "test.weather_pipeline.assert_stg_weather_unique_city_ts"
[0m13:43:49.722534 [debug] [Thread-1 (]: On test.weather_pipeline.assert_stg_weather_unique_city_ts: /* {"app": "dbt", "dbt_version": "1.12.5", "profile_name": "weather_pipeline", "target_name": "dev", "node_id": "test.weather_pipeline.assert_stg_weather_unique_city_ts"} */

    
    select
      count(*) as failures,
      count(*) != 0 as should_warn,
      count(*) != 0 as should_error
    from (
      
    
  -- Fails if any (city, ts) appears more than once.
select city, ts, count(*) as n
from "warehouse"."main_staging"."stg_weather"
group by city, ts
having count(*) > 1
  
  
      
    ) dbt_internal_test
[0m13:43:49.723719 [debug] [Thread-1 (]: SQL status: OK in 0.001 seconds
[0m13:43:49.724379 [debug] [Thread-1 (]: On test.weather_pipeline.assert_stg_weather_unique_city_ts: ROLLBACK
[0m13:43:49.724584 [debug] [Thread-1 (]: On test.weather_pipeline.assert_stg_weather_unique_city_ts: Close
[0m13:43:49.724815 [info ] [Thread-1 (]: 6 of 14 PASS assert_stg_weather_unique_city_ts ................................. [[32mPASS[0m in 0.01s]
[0m13:43:49.725030 [debug] [Thread-1 (]: Finished running node test.weather_pipeline.assert_stg_weather_unique_city_ts
[0m13:43:49.725181 [debug] [Thread-1 (]: Began running node test.weather_pipeline.assert_temperature_plausible
[0m13:43:49.725357 [info ] [Thread-1 (]: 7 of 14 START test assert_temperature_plausible ................................ [RUN]
[0m13:43:49.725553 [debug] [Thread-1 (]: Re-using an available connection from the pool (formerly test.weather_pipeline.assert_stg_weather_unique_city_ts, now test.weather_pipeline.assert_temperature_plausible)
[0m13:43:49.725695 [debug] [Thread-1 (]: Began compiling node test.weather_pipeline.assert_temperature_plausible
[0m13:43:49.726399 [debug] [Thread-1 (]: Writing injected SQL for node "test.weather_pipeline.assert_temperature_plausible"
[0m13:43:49.726709 [debug] [Thread-1 (]: Began executing node test.weather_pipeline.assert_temperature_plausible
[0m13:43:49.727669 [debug] [Thread-1 (]: Writing runtime sql for node "test.weather_pipeline.assert_temperature_plausible"
[0m13:43:49.727943 [debug] [Thread-1 (]: Using duckdb connection "test.weather_pipeline.assert_temperature_plausible"
[0m13:43:49.728082 [debug] [Thread-1 (]: On test.weather_pipeline.assert_temperature_plausible: BEGIN
[0m13:43:49.728217 [debug] [Thread-1 (]: Opening a new connection, currently in state closed
[0m13:43:49.728420 [debug] [Thread-1 (]: SQL status: OK in 0.000 seconds
[0m13:43:49.728553 [debug] [Thread-1 (]: Using duckdb connection "test.weather_pipeline.assert_temperature_plausible"
[0m13:43:49.728698 [debug] [Thread-1 (]: On test.weather_pipeline.assert_temperature_plausible: /* {"app": "dbt", "dbt_version": "1.12.5", "profile_name": "weather_pipeline", "target_name": "dev", "node_id": "test.weather_pipeline.assert_temperature_plausible"} */

    
    select
      count(*) as failures,
      count(*) != 0 as should_warn,
      count(*) != 0 as should_error
    from (
      
    
  -- Fails for physically implausible temperatures (deg C).
select *
from "warehouse"."main_staging"."stg_weather"
where temperature_c < -60 or temperature_c > 60
  
  
      
    ) dbt_internal_test
[0m13:43:49.729246 [debug] [Thread-1 (]: SQL status: OK in 0.000 seconds
[0m13:43:49.729943 [debug] [Thread-1 (]: On test.weather_pipeline.assert_temperature_plausible: ROLLBACK
[0m13:43:49.730185 [debug] [Thread-1 (]: On test.weather_pipeline.assert_temperature_plausible: Close
[0m13:43:49.730430 [info ] [Thread-1 (]: 7 of 14 PASS assert_temperature_plausible ...................................... [[32mPASS[0m in 0.00s]
[0m13:43:49.730658 [debug] [Thread-1 (]: Finished running node test.weather_pipeline.assert_temperature_plausible
[0m13:43:49.730824 [debug] [Thread-1 (]: Began running node test.weather_pipeline.not_null_stg_weather_city.c03e0c0127
[0m13:43:49.731010 [info ] [Thread-1 (]: 8 of 14 START test not_null_stg_weather_city ................................... [RUN]
[0m13:43:49.731209 [debug] [Thread-1 (]: Re-using an available connection from the pool (formerly test.weather_pipeline.assert_temperature_plausible, now test.weather_pipeline.not_null_stg_weather_city.c03e0c0127)
[0m13:43:49.731355 [debug] [Thread-1 (]: Began compiling node test.weather_pipeline.not_null_stg_weather_city.c03e0c0127
[0m13:43:49.734189 [debug] [Thread-1 (]: Writing injected SQL for node "test.weather_pipeline.not_null_stg_weather_city.c03e0c0127"
[0m13:43:49.734524 [debug] [Thread-1 (]: Began executing node test.weather_pipeline.not_null_stg_weather_city.c03e0c0127
[0m13:43:49.735211 [debug] [Thread-1 (]: Writing runtime sql for node "test.weather_pipeline.not_null_stg_weather_city.c03e0c0127"
[0m13:43:49.735507 [debug] [Thread-1 (]: Using duckdb connection "test.weather_pipeline.not_null_stg_weather_city.c03e0c0127"
[0m13:43:49.735649 [debug] [Thread-1 (]: On test.weather_pipeline.not_null_stg_weather_city.c03e0c0127: BEGIN
[0m13:43:49.735771 [debug] [Thread-1 (]: Opening a new connection, currently in state closed
[0m13:43:49.735978 [debug] [Thread-1 (]: SQL status: OK in 0.000 seconds
[0m13:43:49.736110 [debug] [Thread-1 (]: Using duckdb connection "test.weather_pipeline.not_null_stg_weather_city.c03e0c0127"
[0m13:43:49.736257 [debug] [Thread-1 (]: On test.weather_pipeline.not_null_stg_weather_city.c03e0c0127: /* {"app": "dbt", "dbt_version": "1.12.5", "profile_name": "weather_pipeline", "target_name": "dev", "node_id": "test.weather_pipeline.not_null_stg_weather_city.c03e0c0127"} */

    
    select
      count(*) as failures,
      count(*) != 0 as should_warn,
      count(*) != 0 as should_error
    from (
      
    
  
    
    



select city
from "warehouse"."main_staging"."stg_weather"
where city is null



  
  
      
    ) dbt_internal_test
[0m13:43:49.736613 [debug] [Thread-1 (]: SQL status: OK in 0.000 seconds
[0m13:43:49.737280 [debug] [Thread-1 (]: On test.weather_pipeline.not_null_stg_weather_city.c03e0c0127: ROLLBACK
[0m13:43:49.737502 [debug] [Thread-1 (]: On test.weather_pipeline.not_null_stg_weather_city.c03e0c0127: Close
[0m13:43:49.737732 [info ] [Thread-1 (]: 8 of 14 PASS not_null_stg_weather_city ......................................... [[32mPASS[0m in 0.01s]
[0m13:43:49.737951 [debug] [Thread-1 (]: Finished running node test.weather_pipeline.not_null_stg_weather_city.c03e0c0127
[0m13:43:49.738108 [debug] [Thread-1 (]: Began running node test.weather_pipeline.not_null_stg_weather_temperature_c.3a7a09f65f
[0m13:43:49.738284 [info ] [Thread-1 (]: 9 of 14 START test not_null_stg_weather_temperature_c .......................... [RUN]
[0m13:43:49.738484 [debug] [Thread-1 (]: Re-using an available connection from the pool (formerly test.weather_pipeline.not_null_stg_weather_city.c03e0c0127, now test.weather_pipeline.not_null_stg_weather_temperature_c.3a7a09f65f)
[0m13:43:49.738642 [debug] [Thread-1 (]: Began compiling node test.weather_pipeline.not_null_stg_weather_temperature_c.3a7a09f65f
[0m13:43:49.741401 [debug] [Thread-1 (]: Writing injected SQL for node "test.weather_pipeline.not_null_stg_weather_temperature_c.3a7a09f65f"
[0m13:43:49.741705 [debug] [Thread-1 (]: Began executing node test.weather_pipeline.not_null_stg_weather_temperature_c.3a7a09f65f
[0m13:43:49.742414 [debug] [Thread-1 (]: Writing runtime sql for node "test.weather_pipeline.not_null_stg_weather_temperature_c.3a7a09f65f"
[0m13:43:49.742692 [debug] [Thread-1 (]: Using duckdb connection "test.weather_pipeline.not_null_stg_weather_temperature_c.3a7a09f65f"
[0m13:43:49.742831 [debug] [Thread-1 (]: On test.weather_pipeline.not_null_stg_weather_temperature_c.3a7a09f65f: BEGIN
[0m13:43:49.742953 [debug] [Thread-1 (]: Opening a new connection, currently in state closed
[0m13:43:49.743151 [debug] [Thread-1 (]: SQL status: OK in 0.000 seconds
[0m13:43:49.743284 [debug] [Thread-1 (]: Using duckdb connection "test.weather_pipeline.not_null_stg_weather_temperature_c.3a7a09f65f"
[0m13:43:49.743419 [debug] [Thread-1 (]: On test.weather_pipeline.not_null_stg_weather_temperature_c.3a7a09f65f: /* {"app": "dbt", "dbt_version": "1.12.5", "profile_name": "weather_pipeline", "target_name": "dev", "node_id": "test.weather_pipeline.not_null_stg_weather_temperature_c.3a7a09f65f"} */

    
    select
      count(*) as failures,
      count(*) != 0 as should_warn,
      count(*) != 0 as should_error
    from (
      
    
  
    
    



select temperature_c
from "warehouse"."main_staging"."stg_weather"
where temperature_c is null



  
  
      
    ) dbt_internal_test
[0m13:43:49.744033 [debug] [Thread-1 (]: SQL status: OK in 0.000 seconds
[0m13:43:49.744630 [debug] [Thread-1 (]: On test.weather_pipeline.not_null_stg_weather_temperature_c.3a7a09f65f: ROLLBACK
[0m13:43:49.744822 [debug] [Thread-1 (]: On test.weather_pipeline.not_null_stg_weather_temperature_c.3a7a09f65f: Close
[0m13:43:49.745053 [info ] [Thread-1 (]: 9 of 14 PASS not_null_stg_weather_temperature_c ................................ [[32mPASS[0m in 0.01s]
[0m13:43:49.745281 [debug] [Thread-1 (]: Finished running node test.weather_pipeline.not_null_stg_weather_temperature_c.3a7a09f65f
[0m13:43:49.745440 [debug] [Thread-1 (]: Began running node test.weather_pipeline.not_null_stg_weather_ts.4f82cf9d8b
[0m13:43:49.745616 [info ] [Thread-1 (]: 10 of 14 START test not_null_stg_weather_ts .................................... [RUN]
[0m13:43:49.745853 [debug] [Thread-1 (]: Re-using an available connection from the pool (formerly test.weather_pipeline.not_null_stg_weather_temperature_c.3a7a09f65f, now test.weather_pipeline.not_null_stg_weather_ts.4f82cf9d8b)
[0m13:43:49.745997 [debug] [Thread-1 (]: Began compiling node test.weather_pipeline.not_null_stg_weather_ts.4f82cf9d8b
[0m13:43:49.749079 [debug] [Thread-1 (]: Writing injected SQL for node "test.weather_pipeline.not_null_stg_weather_ts.4f82cf9d8b"
[0m13:43:49.749390 [debug] [Thread-1 (]: Began executing node test.weather_pipeline.not_null_stg_weather_ts.4f82cf9d8b
[0m13:43:49.750072 [debug] [Thread-1 (]: Writing runtime sql for node "test.weather_pipeline.not_null_stg_weather_ts.4f82cf9d8b"
[0m13:43:49.750375 [debug] [Thread-1 (]: Using duckdb connection "test.weather_pipeline.not_null_stg_weather_ts.4f82cf9d8b"
[0m13:43:49.750524 [debug] [Thread-1 (]: On test.weather_pipeline.not_null_stg_weather_ts.4f82cf9d8b: BEGIN
[0m13:43:49.750658 [debug] [Thread-1 (]: Opening a new connection, currently in state closed
[0m13:43:49.750867 [debug] [Thread-1 (]: SQL status: OK in 0.000 seconds
[0m13:43:49.751003 [debug] [Thread-1 (]: Using duckdb connection "test.weather_pipeline.not_null_stg_weather_ts.4f82cf9d8b"
[0m13:43:49.751137 [debug] [Thread-1 (]: On test.weather_pipeline.not_null_stg_weather_ts.4f82cf9d8b: /* {"app": "dbt", "dbt_version": "1.12.5", "profile_name": "weather_pipeline", "target_name": "dev", "node_id": "test.weather_pipeline.not_null_stg_weather_ts.4f82cf9d8b"} */

    
    select
      count(*) as failures,
      count(*) != 0 as should_warn,
      count(*) != 0 as should_error
    from (
      
    
  
    
    



select ts
from "warehouse"."main_staging"."stg_weather"
where ts is null



  
  
      
    ) dbt_internal_test
[0m13:43:49.751497 [debug] [Thread-1 (]: SQL status: OK in 0.000 seconds
[0m13:43:49.752079 [debug] [Thread-1 (]: On test.weather_pipeline.not_null_stg_weather_ts.4f82cf9d8b: ROLLBACK
[0m13:43:49.752273 [debug] [Thread-1 (]: On test.weather_pipeline.not_null_stg_weather_ts.4f82cf9d8b: Close
[0m13:43:49.752501 [info ] [Thread-1 (]: 10 of 14 PASS not_null_stg_weather_ts .......................................... [[32mPASS[0m in 0.01s]
[0m13:43:49.752720 [debug] [Thread-1 (]: Finished running node test.weather_pipeline.not_null_stg_weather_ts.4f82cf9d8b
[0m13:43:49.753012 [debug] [Thread-1 (]: Began running node model.weather_pipeline.daily_city_metrics
[0m13:43:49.753248 [info ] [Thread-1 (]: 11 of 14 START sql table model main_marts.daily_city_metrics ................... [RUN]
[0m13:43:49.753449 [debug] [Thread-1 (]: Re-using an available connection from the pool (formerly test.weather_pipeline.not_null_stg_weather_ts.4f82cf9d8b, now model.weather_pipeline.daily_city_metrics)
[0m13:43:49.753596 [debug] [Thread-1 (]: Began compiling node model.weather_pipeline.daily_city_metrics
[0m13:43:49.754466 [debug] [Thread-1 (]: Writing injected SQL for node "model.weather_pipeline.daily_city_metrics"
[0m13:43:49.754752 [debug] [Thread-1 (]: Began executing node model.weather_pipeline.daily_city_metrics
[0m13:43:49.773700 [debug] [Thread-1 (]: Writing runtime sql for node "model.weather_pipeline.daily_city_metrics"
[0m13:43:49.774102 [debug] [Thread-1 (]: Using duckdb connection "model.weather_pipeline.daily_city_metrics"
[0m13:43:49.774250 [debug] [Thread-1 (]: On model.weather_pipeline.daily_city_metrics: BEGIN
[0m13:43:49.774380 [debug] [Thread-1 (]: Opening a new connection, currently in state closed
[0m13:43:49.774634 [debug] [Thread-1 (]: SQL status: OK in 0.000 seconds
[0m13:43:49.774763 [debug] [Thread-1 (]: Using duckdb connection "model.weather_pipeline.daily_city_metrics"
[0m13:43:49.774916 [debug] [Thread-1 (]: On model.weather_pipeline.daily_city_metrics: /* {"app": "dbt", "dbt_version": "1.12.5", "profile_name": "weather_pipeline", "target_name": "dev", "node_id": "model.weather_pipeline.daily_city_metrics"} */

    

    create  table
      "warehouse"."main_marts"."daily_city_metrics__dbt_tmp"
  
    
    as (
      with joined as (
    select
        w.city,
        cast(w.ts as date) as date,
        w.temperature_c,
        w.humidity_pct,
        w.precipitation_mm,
        w.wind_kmh,
        a.pm25_ugm3,
        a.aqi
    from "warehouse"."main_staging"."stg_weather" w
    left join "warehouse"."main_staging"."stg_air_quality" a
        on w.city = a.city and w.ts = a.ts
)

select
    city,
    date,
    round(avg(temperature_c), 1)  as avg_temp_c,
    max(temperature_c)            as max_temp_c,
    min(temperature_c)            as min_temp_c,
    round(avg(humidity_pct), 1)   as avg_humidity_pct,
    round(sum(precipitation_mm), 1) as total_precip_mm,
    round(avg(wind_kmh), 1)       as avg_wind_kmh,
    round(avg(pm25_ugm3), 1)      as avg_pm25_ugm3,
    max(aqi)                      as max_aqi,
    max(temperature_c) >= 35      as is_hot_day,
    case
        when max(aqi) is null then 'unknown'
        when max(aqi) <= 50  then 'good'
        when max(aqi) <= 100 then 'moderate'
        when max(aqi) <= 150 then 'unhealthy for sensitive groups'
        else 'unhealthy'
    end as aqi_category,
    count(*) as hours_observed
from joined
group by city, date
    );
    
  
[0m13:43:49.780303 [debug] [Thread-1 (]: SQL status: OK in 0.005 seconds
[0m13:43:49.782762 [debug] [Thread-1 (]: Using duckdb connection "model.weather_pipeline.daily_city_metrics"
[0m13:43:49.782944 [debug] [Thread-1 (]: On model.weather_pipeline.daily_city_metrics: /* {"app": "dbt", "dbt_version": "1.12.5", "profile_name": "weather_pipeline", "target_name": "dev", "node_id": "model.weather_pipeline.daily_city_metrics"} */

    SELECT index_name
    FROM duckdb_indexes()
    WHERE database_name = 'warehouse'
      AND schema_name = 'main_marts'
      AND table_name = 'daily_city_metrics'
  
[0m13:43:49.783319 [debug] [Thread-1 (]: SQL status: OK in 0.000 seconds
[0m13:43:49.784493 [debug] [Thread-1 (]: Using duckdb connection "model.weather_pipeline.daily_city_metrics"
[0m13:43:49.784645 [debug] [Thread-1 (]: On model.weather_pipeline.daily_city_metrics: /* {"app": "dbt", "dbt_version": "1.12.5", "profile_name": "weather_pipeline", "target_name": "dev", "node_id": "model.weather_pipeline.daily_city_metrics"} */
alter table "warehouse"."main_marts"."daily_city_metrics" rename to "daily_city_metrics__dbt_backup"
[0m13:43:49.784901 [debug] [Thread-1 (]: SQL status: OK in 0.000 seconds
[0m13:43:49.785773 [debug] [Thread-1 (]: Using duckdb connection "model.weather_pipeline.daily_city_metrics"
[0m13:43:49.785930 [debug] [Thread-1 (]: On model.weather_pipeline.daily_city_metrics: /* {"app": "dbt", "dbt_version": "1.12.5", "profile_name": "weather_pipeline", "target_name": "dev", "node_id": "model.weather_pipeline.daily_city_metrics"} */
alter table "warehouse"."main_marts"."daily_city_metrics__dbt_tmp" rename to "daily_city_metrics"
[0m13:43:49.786174 [debug] [Thread-1 (]: SQL status: OK in 0.000 seconds
[0m13:43:49.788507 [debug] [Thread-1 (]: On model.weather_pipeline.daily_city_metrics: COMMIT
[0m13:43:49.788669 [debug] [Thread-1 (]: Using duckdb connection "model.weather_pipeline.daily_city_metrics"
[0m13:43:49.788820 [debug] [Thread-1 (]: On model.weather_pipeline.daily_city_metrics: COMMIT
[0m13:43:49.789289 [debug] [Thread-1 (]: SQL status: OK in 0.000 seconds
[0m13:43:49.790071 [debug] [Thread-1 (]: Using duckdb connection "model.weather_pipeline.daily_city_metrics"
[0m13:43:49.790229 [debug] [Thread-1 (]: On model.weather_pipeline.daily_city_metrics: /* {"app": "dbt", "dbt_version": "1.12.5", "profile_name": "weather_pipeline", "target_name": "dev", "node_id": "model.weather_pipeline.daily_city_metrics"} */

      drop table if exists "warehouse"."main_marts"."daily_city_metrics__dbt_backup" cascade
    
[0m13:43:49.790637 [debug] [Thread-1 (]: SQL status: OK in 0.000 seconds
[0m13:43:49.791258 [debug] [Thread-1 (]: On model.weather_pipeline.daily_city_metrics: Close
[0m13:43:49.791538 [debug] [Thread-1 (]: Sending event: {'category': 'dbt', 'action': 'run_model', 'label': '56d2323a-a71a-48d8-ae0d-62c30e444816', 'context': [<snowplow_tracker.self_describing_json.SelfDescribingJson object at 0x10e8371d0>]}
[0m13:43:49.791830 [info ] [Thread-1 (]: 11 of 14 OK created sql table model main_marts.daily_city_metrics .............. [[32mOK[0m in 0.04s]
[0m13:43:49.792079 [debug] [Thread-1 (]: Finished running node model.weather_pipeline.daily_city_metrics
[0m13:43:49.792501 [debug] [Thread-1 (]: Began running node test.weather_pipeline.not_null_daily_city_metrics_city.959f0c8a13
[0m13:43:49.792716 [info ] [Thread-1 (]: 12 of 14 START test not_null_daily_city_metrics_city ........................... [RUN]
[0m13:43:49.792938 [debug] [Thread-1 (]: Re-using an available connection from the pool (formerly model.weather_pipeline.daily_city_metrics, now test.weather_pipeline.not_null_daily_city_metrics_city.959f0c8a13)
[0m13:43:49.793093 [debug] [Thread-1 (]: Began compiling node test.weather_pipeline.not_null_daily_city_metrics_city.959f0c8a13
[0m13:43:49.796716 [debug] [Thread-1 (]: Writing injected SQL for node "test.weather_pipeline.not_null_daily_city_metrics_city.959f0c8a13"
[0m13:43:49.797138 [debug] [Thread-1 (]: Began executing node test.weather_pipeline.not_null_daily_city_metrics_city.959f0c8a13
[0m13:43:49.797968 [debug] [Thread-1 (]: Writing runtime sql for node "test.weather_pipeline.not_null_daily_city_metrics_city.959f0c8a13"
[0m13:43:49.798307 [debug] [Thread-1 (]: Using duckdb connection "test.weather_pipeline.not_null_daily_city_metrics_city.959f0c8a13"
[0m13:43:49.798456 [debug] [Thread-1 (]: On test.weather_pipeline.not_null_daily_city_metrics_city.959f0c8a13: BEGIN
[0m13:43:49.798591 [debug] [Thread-1 (]: Opening a new connection, currently in state closed
[0m13:43:49.798836 [debug] [Thread-1 (]: SQL status: OK in 0.000 seconds
[0m13:43:49.798975 [debug] [Thread-1 (]: Using duckdb connection "test.weather_pipeline.not_null_daily_city_metrics_city.959f0c8a13"
[0m13:43:49.799122 [debug] [Thread-1 (]: On test.weather_pipeline.not_null_daily_city_metrics_city.959f0c8a13: /* {"app": "dbt", "dbt_version": "1.12.5", "profile_name": "weather_pipeline", "target_name": "dev", "node_id": "test.weather_pipeline.not_null_daily_city_metrics_city.959f0c8a13"} */

    
    select
      count(*) as failures,
      count(*) != 0 as should_warn,
      count(*) != 0 as should_error
    from (
      
    
  
    
    



select city
from "warehouse"."main_marts"."daily_city_metrics"
where city is null



  
  
      
    ) dbt_internal_test
[0m13:43:49.799578 [debug] [Thread-1 (]: SQL status: OK in 0.000 seconds
[0m13:43:49.800273 [debug] [Thread-1 (]: On test.weather_pipeline.not_null_daily_city_metrics_city.959f0c8a13: ROLLBACK
[0m13:43:49.800480 [debug] [Thread-1 (]: On test.weather_pipeline.not_null_daily_city_metrics_city.959f0c8a13: Close
[0m13:43:49.800729 [info ] [Thread-1 (]: 12 of 14 PASS not_null_daily_city_metrics_city ................................. [[32mPASS[0m in 0.01s]
[0m13:43:49.800964 [debug] [Thread-1 (]: Finished running node test.weather_pipeline.not_null_daily_city_metrics_city.959f0c8a13
[0m13:43:49.801131 [debug] [Thread-1 (]: Began running node test.weather_pipeline.not_null_daily_city_metrics_date.c0a994be93
[0m13:43:49.801299 [info ] [Thread-1 (]: 13 of 14 START test not_null_daily_city_metrics_date ........................... [RUN]
[0m13:43:49.801473 [debug] [Thread-1 (]: Re-using an available connection from the pool (formerly test.weather_pipeline.not_null_daily_city_metrics_city.959f0c8a13, now test.weather_pipeline.not_null_daily_city_metrics_date.c0a994be93)
[0m13:43:49.801617 [debug] [Thread-1 (]: Began compiling node test.weather_pipeline.not_null_daily_city_metrics_date.c0a994be93
[0m13:43:49.804497 [debug] [Thread-1 (]: Writing injected SQL for node "test.weather_pipeline.not_null_daily_city_metrics_date.c0a994be93"
[0m13:43:49.804806 [debug] [Thread-1 (]: Began executing node test.weather_pipeline.not_null_daily_city_metrics_date.c0a994be93
[0m13:43:49.805543 [debug] [Thread-1 (]: Writing runtime sql for node "test.weather_pipeline.not_null_daily_city_metrics_date.c0a994be93"
[0m13:43:49.805841 [debug] [Thread-1 (]: Using duckdb connection "test.weather_pipeline.not_null_daily_city_metrics_date.c0a994be93"
[0m13:43:49.805987 [debug] [Thread-1 (]: On test.weather_pipeline.not_null_daily_city_metrics_date.c0a994be93: BEGIN
[0m13:43:49.806117 [debug] [Thread-1 (]: Opening a new connection, currently in state closed
[0m13:43:49.806339 [debug] [Thread-1 (]: SQL status: OK in 0.000 seconds
[0m13:43:49.806473 [debug] [Thread-1 (]: Using duckdb connection "test.weather_pipeline.not_null_daily_city_metrics_date.c0a994be93"
[0m13:43:49.806673 [debug] [Thread-1 (]: On test.weather_pipeline.not_null_daily_city_metrics_date.c0a994be93: /* {"app": "dbt", "dbt_version": "1.12.5", "profile_name": "weather_pipeline", "target_name": "dev", "node_id": "test.weather_pipeline.not_null_daily_city_metrics_date.c0a994be93"} */

    
    select
      count(*) as failures,
      count(*) != 0 as should_warn,
      count(*) != 0 as should_error
    from (
      
    
  
    
    



select date
from "warehouse"."main_marts"."daily_city_metrics"
where date is null



  
  
      
    ) dbt_internal_test
[0m13:43:49.807112 [debug] [Thread-1 (]: SQL status: OK in 0.000 seconds
[0m13:43:49.807821 [debug] [Thread-1 (]: On test.weather_pipeline.not_null_daily_city_metrics_date.c0a994be93: ROLLBACK
[0m13:43:49.808046 [debug] [Thread-1 (]: On test.weather_pipeline.not_null_daily_city_metrics_date.c0a994be93: Close
[0m13:43:49.808296 [info ] [Thread-1 (]: 13 of 14 PASS not_null_daily_city_metrics_date ................................. [[32mPASS[0m in 0.01s]
[0m13:43:49.808531 [debug] [Thread-1 (]: Finished running node test.weather_pipeline.not_null_daily_city_metrics_date.c0a994be93
[0m13:43:49.808701 [debug] [Thread-1 (]: Began running node test.weather_pipeline.not_null_daily_city_metrics_hours_observed.82f3000a2e
[0m13:43:49.808873 [info ] [Thread-1 (]: 14 of 14 START test not_null_daily_city_metrics_hours_observed ................. [RUN]
[0m13:43:49.809059 [debug] [Thread-1 (]: Re-using an available connection from the pool (formerly test.weather_pipeline.not_null_daily_city_metrics_date.c0a994be93, now test.weather_pipeline.not_null_daily_city_metrics_hours_observed.82f3000a2e)
[0m13:43:49.809208 [debug] [Thread-1 (]: Began compiling node test.weather_pipeline.not_null_daily_city_metrics_hours_observed.82f3000a2e
[0m13:43:49.812545 [debug] [Thread-1 (]: Writing injected SQL for node "test.weather_pipeline.not_null_daily_city_metrics_hours_observed.82f3000a2e"
[0m13:43:49.812889 [debug] [Thread-1 (]: Began executing node test.weather_pipeline.not_null_daily_city_metrics_hours_observed.82f3000a2e
[0m13:43:49.813649 [debug] [Thread-1 (]: Writing runtime sql for node "test.weather_pipeline.not_null_daily_city_metrics_hours_observed.82f3000a2e"
[0m13:43:49.813946 [debug] [Thread-1 (]: Using duckdb connection "test.weather_pipeline.not_null_daily_city_metrics_hours_observed.82f3000a2e"
[0m13:43:49.814096 [debug] [Thread-1 (]: On test.weather_pipeline.not_null_daily_city_metrics_hours_observed.82f3000a2e: BEGIN
[0m13:43:49.814229 [debug] [Thread-1 (]: Opening a new connection, currently in state closed
[0m13:43:49.814447 [debug] [Thread-1 (]: SQL status: OK in 0.000 seconds
[0m13:43:49.814584 [debug] [Thread-1 (]: Using duckdb connection "test.weather_pipeline.not_null_daily_city_metrics_hours_observed.82f3000a2e"
[0m13:43:49.814726 [debug] [Thread-1 (]: On test.weather_pipeline.not_null_daily_city_metrics_hours_observed.82f3000a2e: /* {"app": "dbt", "dbt_version": "1.12.5", "profile_name": "weather_pipeline", "target_name": "dev", "node_id": "test.weather_pipeline.not_null_daily_city_metrics_hours_observed.82f3000a2e"} */

    
    select
      count(*) as failures,
      count(*) != 0 as should_warn,
      count(*) != 0 as should_error
    from (
      
    
  
    
    



select hours_observed
from "warehouse"."main_marts"."daily_city_metrics"
where hours_observed is null



  
  
      
    ) dbt_internal_test
[0m13:43:49.815104 [debug] [Thread-1 (]: SQL status: OK in 0.000 seconds
[0m13:43:49.815745 [debug] [Thread-1 (]: On test.weather_pipeline.not_null_daily_city_metrics_hours_observed.82f3000a2e: ROLLBACK
[0m13:43:49.815954 [debug] [Thread-1 (]: On test.weather_pipeline.not_null_daily_city_metrics_hours_observed.82f3000a2e: Close
[0m13:43:49.816196 [info ] [Thread-1 (]: 14 of 14 PASS not_null_daily_city_metrics_hours_observed ....................... [[32mPASS[0m in 0.01s]
[0m13:43:49.816432 [debug] [Thread-1 (]: Finished running node test.weather_pipeline.not_null_daily_city_metrics_hours_observed.82f3000a2e
[0m13:43:49.816951 [debug] [MainThread]: Using duckdb connection "master"
[0m13:43:49.817075 [debug] [MainThread]: On master: BEGIN
[0m13:43:49.817179 [debug] [MainThread]: Opening a new connection, currently in state closed
[0m13:43:49.817354 [debug] [MainThread]: SQL status: OK in 0.000 seconds
[0m13:43:49.817482 [debug] [MainThread]: On master: COMMIT
[0m13:43:49.817591 [debug] [MainThread]: Using duckdb connection "master"
[0m13:43:49.817697 [debug] [MainThread]: On master: COMMIT
[0m13:43:49.817874 [debug] [MainThread]: SQL status: OK in 0.000 seconds
[0m13:43:49.817986 [debug] [MainThread]: On master: Close
[0m13:43:49.818140 [debug] [MainThread]: Connection 'master' was properly closed.
[0m13:43:49.818243 [debug] [MainThread]: Connection 'test.weather_pipeline.not_null_daily_city_metrics_hours_observed.82f3000a2e' was properly closed.
[0m13:43:49.818381 [info ] [MainThread]: 
[0m13:43:49.818523 [info ] [MainThread]: Finished running 1 table model, 11 data tests, 2 view models in 0 hours 0 minutes and 0.25 seconds (0.25s).
[0m13:43:49.819442 [debug] [MainThread]: Command end result
[0m13:43:49.837862 [debug] [MainThread]: Wrote artifact WritableManifest to /Users/varnikkatm/Desktop/weatherdata/weather-pipeline/dbt_project/target/manifest.json
[0m13:43:49.839480 [debug] [MainThread]: Wrote artifact SemanticManifest to /Users/varnikkatm/Desktop/weatherdata/weather-pipeline/dbt_project/target/semantic_manifest.json
[0m13:43:49.841047 [debug] [MainThread]: Wrote artifact OsiDocument to /Users/varnikkatm/Desktop/weatherdata/weather-pipeline/dbt_project/target/osi_document.json
[0m13:43:49.844675 [debug] [MainThread]: Wrote artifact RunExecutionResult to /Users/varnikkatm/Desktop/weatherdata/weather-pipeline/dbt_project/target/run_results.json
[0m13:43:49.844828 [info ] [MainThread]: 
[0m13:43:49.844985 [info ] [MainThread]: [32mCompleted successfully[0m
[0m13:43:49.845110 [info ] [MainThread]: 
[0m13:43:49.845248 [info ] [MainThread]: Done. PASS=14 WARN=0 ERROR=0 SKIP=0 NO-OP=0 REUSED=0 TOTAL=14
[0m13:43:49.847071 [debug] [MainThread]: Resource report: {"command_name": "build", "command_success": true, "command_wall_clock_time": 0.793, "process_in_blocks": "0", "process_kernel_time": 0.199987, "process_mem_max_rss": "180944896", "process_out_blocks": "0", "process_user_time": 1.365247}
[0m13:43:49.847298 [debug] [MainThread]: Command `dbt build` succeeded at 13:43:49.847261 after 0.79 seconds
[0m13:43:49.847463 [debug] [MainThread]: Sending event: {'category': 'dbt', 'action': 'invocation', 'label': 'end', 'context': [<snowplow_tracker.self_describing_json.SelfDescribingJson object at 0x10ecad630>, <snowplow_tracker.self_describing_json.SelfDescribingJson object at 0x10e86b770>, <snowplow_tracker.self_describing_json.SelfDescribingJson object at 0x10e7a75d0>]}
[0m13:43:49.847618 [debug] [MainThread]: Flushing usage events
[0m13:43:51.165904 [debug] [MainThread]: An error was encountered while trying to flush usage events
